,Product Name,Prices,Reviews
0,CHHOTE NAWAB Men's Tshirts,318,3.9
1,Trendy Fashionista Men Tshirts(yellow),311,3.8
2,Trendy Elegant Men Tshirts,225,3.7
3,Fancy Retro Men Tshirts,199,3.9
4,Stylish Glamorous Men Tshirts,153,3.7
5,FABRIPPLE Men's Tshirts,200,3.7
6,Stylish Designer Men Tshirts,158,3.7
7,Urbane Graceful Men Tshirts,218,3.8
8,Gespo Men's Tshirts,295,3.8
9,Stylish Retro Men Tshirts,282,3.7
10,Urbane Fashionable Men Tshirts,225,3.7
11,Urbane Elegant Men Tshirts,220,3.6
12,Farbot Men's Tshirts,179,3.7
13,Stylish Fashionista Men Tshirts,194,3.7
14,Men Polyester Regular Tshirts,284,3.8
15,FABRIPPLE Men's Tshirts,259,3.8
16,Urbane Designer Men Tshirts,232,3.8
17,Urbane Fashionable Men Tshirts,254,3.6
18,Cotton Men Cotton Regular Tshirts,296,3.6
19,Fancy Designer Men Tshirts,186,3.9
20,CHHOTE NAWAB Men's Tshirts,318,3.9
21,Trendy Fashionista Men Tshirts(yellow),311,3.8
22,Trendy Elegant Men Tshirts,225,3.7
23,Fancy Retro Men Tshirts,199,3.9
24,Stylish Glamorous Men Tshirts,153,3.7
25,FABRIPPLE Men's Tshirts,200,3.7
26,Stylish Designer Men Tshirts,158,3.7
27,Urbane Graceful Men Tshirts,218,3.8
28,Gespo Men's Tshirts,295,3.8
29,Stylish Retro Men Tshirts,282,3.7
30,Urbane Fashionable Men Tshirts,225,3.7
31,Urbane Elegant Men Tshirts,220,3.6
32,Farbot Men's Tshirts,179,3.7
33,Stylish Fashionista Men Tshirts,194,3.7
34,Men Polyester Regular Tshirts,284,3.8
35,FABRIPPLE Men's Tshirts,259,3.8
36,Urbane Designer Men Tshirts,232,3.8
37,Urbane Fashionable Men Tshirts,254,3.6
38,Cotton Men Cotton Regular Tshirts,296,3.6
39,Fancy Designer Men Tshirts,186,3.9
40,CHHOTE NAWAB Men's Tshirts,318,3.9
41,Trendy Fashionista Men Tshirts(yellow),311,3.8
42,Trendy Elegant Men Tshirts,225,3.7
43,Fancy Retro Men Tshirts,199,3.9
44,Stylish Glamorous Men Tshirts,153,3.7
45,FABRIPPLE Men's Tshirts,200,3.7
46,Stylish Designer Men Tshirts,158,3.7
47,Urbane Graceful Men Tshirts,218,3.8
48,Gespo Men's Tshirts,295,3.8
49,Stylish Retro Men Tshirts,282,3.7
50,Urbane Fashionable Men Tshirts,225,3.7
51,Urbane Elegant Men Tshirts,220,3.6
52,Farbot Men's Tshirts,179,3.7
53,Stylish Fashionista Men Tshirts,194,3.7
54,Pretty Designer Men Tshirts,305,4
55,FABRIPPLE Men's Tshirts,259,3.8
56,Urbane Designer Men Tshirts,232,3.8
57,Urbane Fashionable Men Tshirts,254,3.6
58,Cotton Men Cotton Regular Tshirts,296,3.6
59,Fancy Designer Men Tshirts,186,3.9
60,CHHOTE NAWAB Men's Tshirts,318,3.9
61,Trendy Fashionista Men Tshirts(yellow),311,3.8
62,Trendy Elegant Men Tshirts,225,3.7
63,Fancy Retro Men Tshirts,199,3.9
64,Stylish Glamorous Men Tshirts,153,3.7
65,FABRIPPLE Men's Tshirts,200,3.7
66,Stylish Designer Men Tshirts,158,3.7
67,Urbane Graceful Men Tshirts,218,3.8
68,Gespo Men's Tshirts,295,3.8
69,Stylish Retro Men Tshirts,282,3.7
70,Urbane Fashionable Men Tshirts,225,3.7
71,Urbane Elegant Men Tshirts,220,3.6
72,Farbot Men's Tshirts,179,3.7
73,Stylish Fashionista Men Tshirts,194,3.7
74,Men Polyester Regular Tshirts,284,3.8
75,FABRIPPLE Men's Tshirts,259,3.8
76,Urbane Designer Men Tshirts,232,3.8
77,Urbane Fashionable Men Tshirts,254,3.6
78,Cotton Men Cotton Regular Tshirts,296,3.6
79,Fancy Designer Men Tshirts,186,3.9
80,CHHOTE NAWAB Men's Tshirts,318,3.9
81,Trendy Fashionista Men Tshirts(yellow),311,3.8
82,Trendy Elegant Men Tshirts,225,3.7
83,Fancy Retro Men Tshirts,199,3.9
84,Stylish Glamorous Men Tshirts,153,3.7
85,FABRIPPLE Men's Tshirts,200,3.7
86,Stylish Designer Men Tshirts,158,3.7
87,Urbane Graceful Men Tshirts,218,3.8
88,Gespo Men's Tshirts,295,3.8
89,Stylish Retro Men Tshirts,282,3.7
90,Urbane Fashionable Men Tshirts,225,3.7
91,Urbane Elegant Men Tshirts,220,3.6
92,Farbot Men's Tshirts,179,3.7
93,Stylish Fashionista Men Tshirts,194,3.7
94,Men Polyester Regular Tshirts,284,3.8
95,FABRIPPLE Men's Tshirts,259,3.8
96,Urbane Designer Men Tshirts,232,3.8
97,Urbane Fashionable Men Tshirts,254,3.6
98,Cotton Men Cotton Regular Tshirts,296,3.6
99,Fancy Designer Men Tshirts,186,3.9
100,CHHOTE NAWAB Men's Tshirts,318,3.9
101,Trendy Fashionista Men Tshirts(yellow),311,3.8
102,Trendy Elegant Men Tshirts,225,3.7
103,Fancy Retro Men Tshirts,199,3.9
104,Stylish Glamorous Men Tshirts,153,3.7
105,FABRIPPLE Men's Tshirts,200,3.7
106,Stylish Designer Men Tshirts,158,3.7
107,Urbane Graceful Men Tshirts,218,3.8
108,Gespo Men's Tshirts,295,3.8
109,Stylish Retro Men Tshirts,282,3.7
110,Urbane Fashionable Men Tshirts,225,3.7
111,Urbane Elegant Men Tshirts,220,3.6
112,Farbot Men's Tshirts,179,3.7
113,Stylish Fashionista Men Tshirts,194,3.7
114,Men Polyester Regular Tshirts,284,3.8
115,FABRIPPLE Men's Tshirts,259,3.8
116,Urbane Designer Men Tshirts,232,3.8
117,Urbane Fashionable Men Tshirts,254,3.6
118,Cotton Men Cotton Regular Tshirts,296,3.6
119,Fancy Designer Men Tshirts,186,3.9
120,CHHOTE NAWAB Men's Tshirts,318,3.9
121,Trendy Fashionista Men Tshirts(yellow),311,3.8
122,Trendy Elegant Men Tshirts,225,3.7
123,Fancy Retro Men Tshirts,199,3.9
124,Stylish Glamorous Men Tshirts,153,3.7
125,FABRIPPLE Men's Tshirts,200,3.7
126,Stylish Designer Men Tshirts,158,3.7
127,Urbane Graceful Men Tshirts,218,3.8
128,Gespo Men's Tshirts,295,3.8
129,Stylish Retro Men Tshirts,282,3.7
130,Urbane Fashionable Men Tshirts,225,3.7
131,Urbane Elegant Men Tshirts,220,3.6
132,Farbot Men's Tshirts,179,3.7
133,Stylish Fashionista Men Tshirts,194,3.7
134,Men Polyester Regular Tshirts,284,3.8
135,FABRIPPLE Men's Tshirts,259,3.8
136,Urbane Designer Men Tshirts,232,3.8
137,Urbane Fashionable Men Tshirts,254,3.6
138,Cotton Men Cotton Regular Tshirts,296,3.6
139,Fancy Designer Men Tshirts,186,3.9
140,CHHOTE NAWAB Men's Tshirts,318,3.9
141,Trendy Fashionista Men Tshirts(yellow),311,3.8
142,Trendy Elegant Men Tshirts,225,3.7
143,Fancy Retro Men Tshirts,199,3.9
144,Stylish Glamorous Men Tshirts,153,3.7
145,FABRIPPLE Men's Tshirts,200,3.7
146,Stylish Designer Men Tshirts,158,3.7
147,Urbane Graceful Men Tshirts,218,3.8
148,Gespo Men's Tshirts,295,3.8
149,Stylish Retro Men Tshirts,282,3.7
150,Urbane Fashionable Men Tshirts,225,3.7
151,Urbane Elegant Men Tshirts,220,3.6
152,Farbot Men's Tshirts,179,3.7
153,Stylish Fashionista Men Tshirts,194,3.7
154,Men Polyester Regular Tshirts,284,3.8
155,FABRIPPLE Men's Tshirts,259,3.8
156,Urbane Designer Men Tshirts,232,3.8
157,Urbane Fashionable Men Tshirts,254,3.6
158,Cotton Men Cotton Regular Tshirts,296,3.6
159,Fancy Designer Men Tshirts,186,3.9
160,CHHOTE NAWAB Men's Tshirts,318,3.9
161,Trendy Fashionista Men Tshirts(yellow),311,3.8
162,Trendy Elegant Men Tshirts,225,3.7
163,Fancy Retro Men Tshirts,199,3.9
164,Stylish Glamorous Men Tshirts,153,3.7
165,FABRIPPLE Men's Tshirts,200,3.7
166,Stylish Designer Men Tshirts,158,3.7
167,Urbane Graceful Men Tshirts,218,3.8
168,Gespo Men's Tshirts,295,3.8
169,Stylish Retro Men Tshirts,282,3.7
170,Urbane Fashionable Men Tshirts,225,3.7
171,Urbane Elegant Men Tshirts,220,3.6
172,Farbot Men's Tshirts,179,3.7
173,Stylish Fashionista Men Tshirts,194,3.7
174,Men Polyester Regular Tshirts,284,3.8
175,FABRIPPLE Men's Tshirts,259,3.8
176,Urbane Designer Men Tshirts,232,3.8
177,Urbane Fashionable Men Tshirts,254,3.6
178,Cotton Men Cotton Regular Tshirts,296,3.6
179,Fancy Designer Men Tshirts,186,3.9
180,CHHOTE NAWAB Men's Tshirts,318,3.9
181,Trendy Fashionista Men Tshirts(yellow),311,3.8
182,Trendy Elegant Men Tshirts,225,3.7
183,Fancy Retro Men Tshirts,199,3.9
184,Stylish Glamorous Men Tshirts,153,3.7
185,FABRIPPLE Men's Tshirts,200,3.7
186,Stylish Designer Men Tshirts,158,3.7
187,Urbane Graceful Men Tshirts,218,3.8
188,Gespo Men's Tshirts,295,3.8
189,Stylish Retro Men Tshirts,282,3.7
190,Urbane Fashionable Men Tshirts,225,3.7
191,Urbane Elegant Men Tshirts,220,3.6
192,Farbot Men's Tshirts,179,3.7
193,Stylish Fashionista Men Tshirts,194,3.7
194,Men Polyester Regular Tshirts,284,3.8
195,FABRIPPLE Men's Tshirts,259,3.8
196,Urbane Designer Men Tshirts,232,3.8
197,Urbane Fashionable Men Tshirts,254,3.6
198,Cotton Men Cotton Regular Tshirts,296,3.6
199,Fancy Designer Men Tshirts,186,3.9
200,CHHOTE NAWAB Men's Tshirts,318,3.9
201,Trendy Fashionista Men Tshirts(yellow),311,3.8
202,Trendy Elegant Men Tshirts,225,3.7
203,Fancy Retro Men Tshirts,199,3.9
204,Stylish Glamorous Men Tshirts,153,3.7
205,FABRIPPLE Men's Tshirts,200,3.7
206,Stylish Designer Men Tshirts,158,3.7
207,Urbane Graceful Men Tshirts,218,3.8
208,Gespo Men's Tshirts,295,3.8
209,Stylish Retro Men Tshirts,282,3.7
210,Urbane Fashionable Men Tshirts,225,3.7
211,Urbane Elegant Men Tshirts,220,3.6
212,Farbot Men's Tshirts,179,3.7
213,Stylish Fashionista Men Tshirts,194,3.7
214,Men Polyester Regular Tshirts,284,3.8
215,FABRIPPLE Men's Tshirts,259,3.8
216,Urbane Designer Men Tshirts,232,3.8
217,Urbane Fashionable Men Tshirts,254,3.6
218,Cotton Men Cotton Regular Tshirts,296,3.6
219,Fancy Designer Men Tshirts,186,3.9
220,CHHOTE NAWAB Men's Tshirts,318,3.9
221,Trendy Fashionista Men Tshirts(yellow),311,3.8
222,Trendy Elegant Men Tshirts,225,3.7
223,Fancy Retro Men Tshirts,199,3.9
224,Stylish Glamorous Men Tshirts,153,3.7
225,FABRIPPLE Men's Tshirts,200,3.7
226,Stylish Designer Men Tshirts,158,3.7
227,Urbane Graceful Men Tshirts,218,3.8
228,Gespo Men's Tshirts,295,3.8
229,Stylish Retro Men Tshirts,282,3.7
230,Urbane Fashionable Men Tshirts,225,3.7
231,Urbane Elegant Men Tshirts,220,3.6
232,Farbot Men's Tshirts,179,3.7
233,Stylish Fashionista Men Tshirts,194,3.7
234,Men Polyester Regular Tshirts,284,3.8
235,FABRIPPLE Men's Tshirts,259,3.8
236,Urbane Designer Men Tshirts,232,3.8
237,Urbane Fashionable Men Tshirts,254,3.6
238,Cotton Men Cotton Regular Tshirts,296,3.6
239,Fancy Designer Men Tshirts,186,3.9
240,CHHOTE NAWAB Men's Tshirts,318,3.9
241,Trendy Fashionista Men Tshirts(yellow),311,3.8
242,Trendy Elegant Men Tshirts,225,3.7
243,Fancy Retro Men Tshirts,199,3.9
244,Stylish Glamorous Men Tshirts,153,3.7
245,FABRIPPLE Men's Tshirts,200,3.7
246,Stylish Designer Men Tshirts,158,3.7
247,Urbane Graceful Men Tshirts,218,3.8
248,Gespo Men's Tshirts,295,3.8
249,Stylish Retro Men Tshirts,282,3.7
250,Urbane Fashionable Men Tshirts,225,3.7
251,Urbane Elegant Men Tshirts,220,3.6
252,Farbot Men's Tshirts,179,3.7
253,Stylish Fashionista Men Tshirts,194,3.7
254,Men Polyester Regular Tshirts,284,3.8
255,FABRIPPLE Men's Tshirts,259,3.8
256,Urbane Designer Men Tshirts,232,3.8
257,Urbane Fashionable Men Tshirts,254,3.6
258,Cotton Men Cotton Regular Tshirts,296,3.6
259,Fancy Designer Men Tshirts,186,3.9
260,CHHOTE NAWAB Men's Tshirts,318,3.9
261,Trendy Fashionista Men Tshirts(yellow),311,3.8
262,Trendy Elegant Men Tshirts,225,3.7
263,Fancy Retro Men Tshirts,199,3.9
264,Stylish Glamorous Men Tshirts,153,3.7
265,FABRIPPLE Men's Tshirts,200,3.7
266,Stylish Designer Men Tshirts,158,3.7
267,Urbane Graceful Men Tshirts,218,3.8
268,Gespo Men's Tshirts,295,3.8
269,Stylish Retro Men Tshirts,282,3.7
270,Urbane Fashionable Men Tshirts,225,3.7
271,Urbane Elegant Men Tshirts,220,3.6
272,Farbot Men's Tshirts,179,3.7
273,Stylish Fashionista Men Tshirts,194,3.7
274,Pretty Designer Men Tshirts,305,4
275,FABRIPPLE Men's Tshirts,259,3.8
276,Urbane Designer Men Tshirts,232,3.8
277,Urbane Fashionable Men Tshirts,254,3.6
278,Cotton Men Cotton Regular Tshirts,296,3.6
279,Fancy Designer Men Tshirts,186,3.9
280,CHHOTE NAWAB Men's Tshirts,318,3.9
281,Trendy Fashionista Men Tshirts(yellow),311,3.8
282,Trendy Elegant Men Tshirts,225,3.7
283,Fancy Retro Men Tshirts,199,3.9
284,Stylish Glamorous Men Tshirts,153,3.7
285,FABRIPPLE Men's Tshirts,200,3.7
286,Stylish Designer Men Tshirts,158,3.7
287,Urbane Graceful Men Tshirts,218,3.8
288,Gespo Men's Tshirts,295,3.8
289,Stylish Retro Men Tshirts,282,3.7
290,Urbane Fashionable Men Tshirts,225,3.7
291,Urbane Elegant Men Tshirts,220,3.6
292,Farbot Men's Tshirts,179,3.7
293,Stylish Fashionista Men Tshirts,194,3.7
294,Men Polyester Regular Tshirts,284,3.8
295,FABRIPPLE Men's Tshirts,259,3.8
296,Urbane Designer Men Tshirts,232,3.8
297,Urbane Fashionable Men Tshirts,254,3.6
298,Cotton Men Cotton Regular Tshirts,296,3.6
299,Fancy Designer Men Tshirts,186,3.9
300,CHHOTE NAWAB Men's Tshirts,318,3.9
301,Trendy Fashionista Men Tshirts(yellow),311,3.8
302,Trendy Elegant Men Tshirts,225,3.7
303,Fancy Retro Men Tshirts,199,3.9
304,Stylish Glamorous Men Tshirts,153,3.7
305,FABRIPPLE Men's Tshirts,200,3.7
306,Stylish Designer Men Tshirts,158,3.7
307,Urbane Graceful Men Tshirts,218,3.8
308,Gespo Men's Tshirts,295,3.8
309,Stylish Retro Men Tshirts,282,3.7
310,Urbane Fashionable Men Tshirts,225,3.7
311,Urbane Elegant Men Tshirts,220,3.6
312,Farbot Men's Tshirts,179,3.7
313,Stylish Fashionista Men Tshirts,194,3.7
314,Men Polyester Regular Tshirts,284,3.8
315,FABRIPPLE Men's Tshirts,259,3.8
316,Urbane Designer Men Tshirts,232,3.8
317,Urbane Fashionable Men Tshirts,254,3.6
318,Cotton Men Cotton Regular Tshirts,296,3.6
319,Fancy Designer Men Tshirts,186,3.9
320,CHHOTE NAWAB Men's Tshirts,318,3.9
321,Trendy Fashionista Men Tshirts(yellow),311,3.8
322,Trendy Elegant Men Tshirts,225,3.7
323,Fancy Retro Men Tshirts,199,3.9
324,Stylish Glamorous Men Tshirts,153,3.7
325,FABRIPPLE Men's Tshirts,200,3.7
326,Stylish Designer Men Tshirts,158,3.7
327,Urbane Graceful Men Tshirts,218,3.8
328,Gespo Men's Tshirts,295,3.8
329,Stylish Retro Men Tshirts,282,3.7
330,Urbane Fashionable Men Tshirts,225,3.7
331,Urbane Elegant Men Tshirts,220,3.6
332,Farbot Men's Tshirts,179,3.7
333,Stylish Fashionista Men Tshirts,194,3.7
334,Pretty Designer Men Tshirts,305,4
335,FABRIPPLE Men's Tshirts,259,3.8
336,Urbane Designer Men Tshirts,232,3.8
337,Urbane Fashionable Men Tshirts,254,3.6
338,Cotton Men Cotton Regular Tshirts,296,3.6
339,Fancy Designer Men Tshirts,186,3.9
340,CHHOTE NAWAB Men's Tshirts,318,3.9
341,Trendy Fashionista Men Tshirts(yellow),311,3.8
342,Trendy Elegant Men Tshirts,225,3.7
343,Fancy Retro Men Tshirts,199,3.9
344,Stylish Glamorous Men Tshirts,153,3.7
345,FABRIPPLE Men's Tshirts,200,3.7
346,Stylish Designer Men Tshirts,158,3.7
347,Urbane Graceful Men Tshirts,218,3.8
348,Gespo Men's Tshirts,295,3.8
349,Stylish Retro Men Tshirts,282,3.7
350,Urbane Fashionable Men Tshirts,225,3.7
351,Urbane Elegant Men Tshirts,220,3.6
352,Farbot Men's Tshirts,179,3.7
353,Stylish Fashionista Men Tshirts,194,3.7
354,Pretty Designer Men Tshirts,305,4
355,FABRIPPLE Men's Tshirts,259,3.8
356,Urbane Designer Men Tshirts,232,3.8
357,Urbane Fashionable Men Tshirts,254,3.6
358,Cotton Men Cotton Regular Tshirts,296,3.6
359,Fancy Designer Men Tshirts,186,3.9
360,CHHOTE NAWAB Men's Tshirts,318,3.9
361,Trendy Fashionista Men Tshirts(yellow),311,3.8
362,Trendy Elegant Men Tshirts,225,3.7
363,Fancy Retro Men Tshirts,199,3.9
364,Stylish Glamorous Men Tshirts,153,3.7
365,FABRIPPLE Men's Tshirts,200,3.7
366,Stylish Designer Men Tshirts,158,3.7
367,Urbane Graceful Men Tshirts,218,3.8
368,Gespo Men's Tshirts,295,3.8
369,Stylish Retro Men Tshirts,282,3.7
370,Urbane Fashionable Men Tshirts,225,3.7
371,Urbane Elegant Men Tshirts,220,3.6
372,Farbot Men's Tshirts,179,3.7
373,Stylish Fashionista Men Tshirts,194,3.7
374,Men Polyester Regular Tshirts,284,3.8
375,FABRIPPLE Men's Tshirts,259,3.8
376,Urbane Designer Men Tshirts,232,3.8
377,Urbane Fashionable Men Tshirts,254,3.6
378,Cotton Men Cotton Regular Tshirts,296,3.6
379,Fancy Designer Men Tshirts,186,3.9
380,CHHOTE NAWAB Men's Tshirts,318,3.9
381,Trendy Fashionista Men Tshirts(yellow),311,3.8
382,Trendy Elegant Men Tshirts,225,3.7
383,Fancy Retro Men Tshirts,199,3.9
384,Stylish Glamorous Men Tshirts,153,3.7
385,FABRIPPLE Men's Tshirts,200,3.7
386,Stylish Designer Men Tshirts,158,3.7
387,Urbane Graceful Men Tshirts,218,3.8
388,Gespo Men's Tshirts,295,3.8
389,Stylish Retro Men Tshirts,282,3.7
390,Urbane Fashionable Men Tshirts,225,3.7
391,Urbane Elegant Men Tshirts,220,3.6
392,Farbot Men's Tshirts,179,3.7
393,Stylish Fashionista Men Tshirts,194,3.7
394,Men Polyester Regular Tshirts,284,3.8
395,FABRIPPLE Men's Tshirts,259,3.8
396,Urbane Designer Men Tshirts,232,3.8
397,Urbane Fashionable Men Tshirts,254,3.6
398,Cotton Men Cotton Regular Tshirts,296,3.6
399,Fancy Designer Men Tshirts,186,3.9
400,CHHOTE NAWAB Men's Tshirts,318,3.9
401,Trendy Fashionista Men Tshirts(yellow),311,3.8
402,Trendy Elegant Men Tshirts,225,3.7
403,Fancy Retro Men Tshirts,199,3.9
404,Stylish Glamorous Men Tshirts,153,3.7
405,FABRIPPLE Men's Tshirts,200,3.7
406,Stylish Designer Men Tshirts,158,3.7
407,Urbane Graceful Men Tshirts,218,3.8
408,Gespo Men's Tshirts,295,3.8
409,Stylish Retro Men Tshirts,282,3.7
410,Urbane Fashionable Men Tshirts,225,3.7
411,Urbane Elegant Men Tshirts,220,3.6
412,Farbot Men's Tshirts,179,3.7
413,Stylish Fashionista Men Tshirts,194,3.7
414,Men Polyester Regular Tshirts,284,3.8
415,FABRIPPLE Men's Tshirts,259,3.8
416,Urbane Designer Men Tshirts,232,3.8
417,Urbane Fashionable Men Tshirts,254,3.6
418,Cotton Men Cotton Regular Tshirts,296,3.6
419,Fancy Designer Men Tshirts,186,3.9
420,CHHOTE NAWAB Men's Tshirts,318,3.9
421,Trendy Fashionista Men Tshirts(yellow),311,3.8
422,Trendy Elegant Men Tshirts,225,3.7
423,Fancy Retro Men Tshirts,199,3.9
424,Stylish Glamorous Men Tshirts,153,3.7
425,FABRIPPLE Men's Tshirts,200,3.7
426,Stylish Designer Men Tshirts,158,3.7
427,Urbane Graceful Men Tshirts,218,3.8
428,Gespo Men's Tshirts,295,3.8
429,Stylish Retro Men Tshirts,282,3.7
430,Urbane Fashionable Men Tshirts,225,3.7
431,Urbane Elegant Men Tshirts,220,3.6
432,Farbot Men's Tshirts,179,3.7
433,Stylish Fashionista Men Tshirts,194,3.7
434,Men Polyester Regular Tshirts,284,3.8
435,FABRIPPLE Men's Tshirts,259,3.8
436,Urbane Designer Men Tshirts,232,3.8
437,Urbane Fashionable Men Tshirts,254,3.6
438,Cotton Men Cotton Regular Tshirts,296,3.6
439,Fancy Designer Men Tshirts,186,3.9
440,CHHOTE NAWAB Men's Tshirts,318,3.9
441,Trendy Fashionista Men Tshirts(yellow),311,3.8
442,Trendy Elegant Men Tshirts,225,3.7
443,Fancy Retro Men Tshirts,199,3.9
444,Stylish Glamorous Men Tshirts,153,3.7
445,FABRIPPLE Men's Tshirts,200,3.7
446,Stylish Designer Men Tshirts,158,3.7
447,Urbane Graceful Men Tshirts,218,3.8
448,Gespo Men's Tshirts,295,3.8
449,Stylish Retro Men Tshirts,282,3.7
450,Urbane Fashionable Men Tshirts,225,3.7
451,Urbane Elegant Men Tshirts,220,3.6
452,Farbot Men's Tshirts,179,3.7
453,Stylish Fashionista Men Tshirts,194,3.7
454,Men Polyester Regular Tshirts,284,3.8
455,FABRIPPLE Men's Tshirts,259,3.8
456,Urbane Designer Men Tshirts,232,3.8
457,Urbane Fashionable Men Tshirts,254,3.6
458,Cotton Men Cotton Regular Tshirts,296,3.6
459,Fancy Designer Men Tshirts,186,3.9
460,CHHOTE NAWAB Men's Tshirts,318,3.9
461,Trendy Fashionista Men Tshirts(yellow),311,3.8
462,Trendy Elegant Men Tshirts,225,3.7
463,Fancy Retro Men Tshirts,199,3.9
464,Stylish Glamorous Men Tshirts,153,3.7
465,FABRIPPLE Men's Tshirts,200,3.7
466,Stylish Designer Men Tshirts,158,3.7
467,Urbane Graceful Men Tshirts,218,3.8
468,Gespo Men's Tshirts,295,3.8
469,Stylish Retro Men Tshirts,282,3.7
470,Urbane Fashionable Men Tshirts,225,3.7
471,Urbane Elegant Men Tshirts,220,3.6
472,Farbot Men's Tshirts,179,3.7
473,Stylish Fashionista Men Tshirts,194,3.7
474,Men Polyester Regular Tshirts,284,3.8
475,FABRIPPLE Men's Tshirts,259,3.8
476,Urbane Designer Men Tshirts,232,3.8
477,Urbane Fashionable Men Tshirts,254,3.6
478,Cotton Men Cotton Regular Tshirts,296,3.6
479,Fancy Designer Men Tshirts,186,3.9
480,CHHOTE NAWAB Men's Tshirts,318,3.9
481,Trendy Fashionista Men Tshirts(yellow),311,3.8
482,Trendy Elegant Men Tshirts,225,3.7
483,Fancy Retro Men Tshirts,199,3.9
484,Stylish Glamorous Men Tshirts,153,3.7
485,FABRIPPLE Men's Tshirts,200,3.7
486,Stylish Designer Men Tshirts,158,3.7
487,Urbane Graceful Men Tshirts,218,3.8
488,Gespo Men's Tshirts,295,3.8
489,Stylish Retro Men Tshirts,282,3.7
490,Urbane Fashionable Men Tshirts,225,3.7
491,Urbane Elegant Men Tshirts,220,3.6
492,Farbot Men's Tshirts,179,3.7
493,Stylish Fashionista Men Tshirts,194,3.7
494,Men Polyester Regular Tshirts,284,3.8
495,FABRIPPLE Men's Tshirts,259,3.8
496,Urbane Designer Men Tshirts,232,3.8
497,Urbane Fashionable Men Tshirts,254,3.6
498,Cotton Men Cotton Regular Tshirts,296,3.6
499,Fancy Designer Men Tshirts,186,3.9
500,CHHOTE NAWAB Men's Tshirts,318,3.9
501,Trendy Fashionista Men Tshirts(yellow),311,3.8
502,Trendy Elegant Men Tshirts,225,3.7
503,Fancy Retro Men Tshirts,199,3.9
504,Stylish Glamorous Men Tshirts,153,3.7
505,FABRIPPLE Men's Tshirts,200,3.7
506,Stylish Designer Men Tshirts,158,3.7
507,Urbane Graceful Men Tshirts,218,3.8
508,Gespo Men's Tshirts,295,3.8
509,Stylish Retro Men Tshirts,282,3.7
510,Urbane Fashionable Men Tshirts,225,3.7
511,Urbane Elegant Men Tshirts,220,3.6
512,Farbot Men's Tshirts,179,3.7
513,Stylish Fashionista Men Tshirts,194,3.7
514,Men Polyester Regular Tshirts,284,3.8
515,FABRIPPLE Men's Tshirts,259,3.8
516,Urbane Designer Men Tshirts,232,3.8
517,Urbane Fashionable Men Tshirts,254,3.6
518,Cotton Men Cotton Regular Tshirts,296,3.6
519,Fancy Designer Men Tshirts,186,3.9
520,CHHOTE NAWAB Men's Tshirts,318,3.9
521,Trendy Fashionista Men Tshirts(yellow),311,3.8
522,Trendy Elegant Men Tshirts,225,3.7
523,Fancy Retro Men Tshirts,199,3.9
524,Stylish Glamorous Men Tshirts,153,3.7
525,FABRIPPLE Men's Tshirts,200,3.7
526,Stylish Designer Men Tshirts,158,3.7
527,Urbane Graceful Men Tshirts,218,3.8
528,Gespo Men's Tshirts,295,3.8
529,Stylish Retro Men Tshirts,282,3.7
530,Urbane Fashionable Men Tshirts,225,3.7
531,Urbane Elegant Men Tshirts,220,3.6
532,Farbot Men's Tshirts,179,3.7
533,Stylish Fashionista Men Tshirts,194,3.7
534,Men Polyester Regular Tshirts,284,3.8
535,FABRIPPLE Men's Tshirts,259,3.8
536,Urbane Designer Men Tshirts,232,3.8
537,Urbane Fashionable Men Tshirts,254,3.6
538,Cotton Men Cotton Regular Tshirts,296,3.6
539,Fancy Designer Men Tshirts,186,3.9
540,CHHOTE NAWAB Men's Tshirts,318,3.9
541,Trendy Fashionista Men Tshirts(yellow),311,3.8
542,Trendy Elegant Men Tshirts,225,3.7
543,Fancy Retro Men Tshirts,199,3.9
544,Stylish Glamorous Men Tshirts,153,3.7
545,FABRIPPLE Men's Tshirts,200,3.7
546,Stylish Designer Men Tshirts,158,3.7
547,Urbane Graceful Men Tshirts,218,3.8
548,Gespo Men's Tshirts,295,3.8
549,Stylish Retro Men Tshirts,282,3.7
550,Urbane Fashionable Men Tshirts,225,3.7
551,Urbane Elegant Men Tshirts,220,3.6
552,Farbot Men's Tshirts,179,3.7
553,Stylish Fashionista Men Tshirts,194,3.7
554,Men Polyester Regular Tshirts,284,3.8
555,FABRIPPLE Men's Tshirts,259,3.8
556,Urbane Designer Men Tshirts,232,3.8
557,Urbane Fashionable Men Tshirts,254,3.6
558,Cotton Men Cotton Regular Tshirts,296,3.6
559,Fancy Designer Men Tshirts,186,3.9
560,CHHOTE NAWAB Men's Tshirts,318,3.9
561,Trendy Fashionista Men Tshirts(yellow),311,3.8
562,Trendy Elegant Men Tshirts,225,3.7
563,Fancy Retro Men Tshirts,199,3.9
564,Stylish Glamorous Men Tshirts,153,3.7
565,FABRIPPLE Men's Tshirts,200,3.7
566,Stylish Designer Men Tshirts,158,3.7
567,Urbane Graceful Men Tshirts,218,3.8
568,Gespo Men's Tshirts,295,3.8
569,Stylish Retro Men Tshirts,282,3.7
570,Urbane Fashionable Men Tshirts,225,3.7
571,Urbane Elegant Men Tshirts,220,3.6
572,Farbot Men's Tshirts,179,3.7
573,Stylish Fashionista Men Tshirts,194,3.7
574,Men Polyester Regular Tshirts,284,3.8
575,FABRIPPLE Men's Tshirts,259,3.8
576,Urbane Designer Men Tshirts,232,3.8
577,Urbane Fashionable Men Tshirts,254,3.6
578,Cotton Men Cotton Regular Tshirts,296,3.6
579,Fancy Designer Men Tshirts,186,3.9
580,CHHOTE NAWAB Men's Tshirts,318,3.9
581,Trendy Fashionista Men Tshirts(yellow),311,3.8
582,Trendy Elegant Men Tshirts,225,3.7
583,Fancy Retro Men Tshirts,199,3.9
584,Stylish Glamorous Men Tshirts,153,3.7
585,FABRIPPLE Men's Tshirts,200,3.7
586,Stylish Designer Men Tshirts,158,3.7
587,Urbane Graceful Men Tshirts,218,3.8
588,Gespo Men's Tshirts,295,3.8
589,Stylish Retro Men Tshirts,282,3.7
590,Urbane Fashionable Men Tshirts,225,3.7
591,Urbane Elegant Men Tshirts,220,3.6
592,Farbot Men's Tshirts,179,3.7
593,Stylish Fashionista Men Tshirts,194,3.7
594,Men Polyester Regular Tshirts,284,3.8
595,FABRIPPLE Men's Tshirts,259,3.8
596,Urbane Designer Men Tshirts,232,3.8
597,Urbane Fashionable Men Tshirts,254,3.6
598,Cotton Men Cotton Regular Tshirts,296,3.6
599,Fancy Designer Men Tshirts,186,3.9
600,CHHOTE NAWAB Men's Tshirts,318,3.9
601,Trendy Fashionista Men Tshirts(yellow),311,3.8
602,Trendy Elegant Men Tshirts,225,3.7
603,Fancy Retro Men Tshirts,199,3.9
604,Stylish Glamorous Men Tshirts,153,3.7
605,FABRIPPLE Men's Tshirts,200,3.7
606,Stylish Designer Men Tshirts,158,3.7
607,Urbane Graceful Men Tshirts,218,3.8
608,Gespo Men's Tshirts,295,3.8
609,Stylish Retro Men Tshirts,282,3.7
610,Urbane Fashionable Men Tshirts,225,3.7
611,Urbane Elegant Men Tshirts,220,3.6
612,Farbot Men's Tshirts,179,3.7
613,Stylish Fashionista Men Tshirts,194,3.7
614,Men Polyester Regular Tshirts,284,3.8
615,FABRIPPLE Men's Tshirts,259,3.8
616,Urbane Designer Men Tshirts,232,3.8
617,Urbane Fashionable Men Tshirts,254,3.6
618,Cotton Men Cotton Regular Tshirts,296,3.6
619,Fancy Designer Men Tshirts,186,3.9
620,CHHOTE NAWAB Men's Tshirts,318,3.9
621,Trendy Fashionista Men Tshirts(yellow),311,3.8
622,Trendy Elegant Men Tshirts,225,3.7
623,Fancy Retro Men Tshirts,199,3.9
624,Stylish Glamorous Men Tshirts,153,3.7
625,FABRIPPLE Men's Tshirts,200,3.7
626,Stylish Designer Men Tshirts,158,3.7
627,Urbane Graceful Men Tshirts,218,3.8
628,Gespo Men's Tshirts,295,3.8
629,Stylish Retro Men Tshirts,282,3.7
630,Urbane Fashionable Men Tshirts,225,3.7
631,Urbane Elegant Men Tshirts,220,3.6
632,Farbot Men's Tshirts,179,3.7
633,Stylish Fashionista Men Tshirts,194,3.7
634,Men Polyester Regular Tshirts,284,3.8
635,FABRIPPLE Men's Tshirts,259,3.8
636,Urbane Designer Men Tshirts,232,3.8
637,Urbane Fashionable Men Tshirts,254,3.6
638,Cotton Men Cotton Regular Tshirts,296,3.6
639,Fancy Designer Men Tshirts,186,3.9
640,CHHOTE NAWAB Men's Tshirts,318,3.9
641,Trendy Fashionista Men Tshirts(yellow),311,3.8
642,Trendy Elegant Men Tshirts,225,3.7
643,Fancy Retro Men Tshirts,199,3.9
644,Stylish Glamorous Men Tshirts,153,3.7
645,FABRIPPLE Men's Tshirts,200,3.7
646,Stylish Designer Men Tshirts,158,3.7
647,Urbane Graceful Men Tshirts,218,3.8
648,Gespo Men's Tshirts,295,3.8
649,Stylish Retro Men Tshirts,282,3.7
650,Urbane Fashionable Men Tshirts,225,3.7
651,Urbane Elegant Men Tshirts,220,3.6
652,Farbot Men's Tshirts,179,3.7
653,Stylish Fashionista Men Tshirts,194,3.7
654,Men Polyester Regular Tshirts,284,3.8
655,FABRIPPLE Men's Tshirts,259,3.8
656,Urbane Designer Men Tshirts,232,3.8
657,Urbane Fashionable Men Tshirts,254,3.6
658,Cotton Men Cotton Regular Tshirts,296,3.6
659,Fancy Designer Men Tshirts,186,3.9
660,CHHOTE NAWAB Men's Tshirts,318,3.9
661,Trendy Fashionista Men Tshirts(yellow),311,3.8
662,Trendy Elegant Men Tshirts,225,3.7
663,Fancy Retro Men Tshirts,199,3.9
664,Stylish Glamorous Men Tshirts,153,3.7
665,FABRIPPLE Men's Tshirts,200,3.7
666,Stylish Designer Men Tshirts,158,3.7
667,Urbane Graceful Men Tshirts,218,3.8
668,Gespo Men's Tshirts,295,3.8
669,Stylish Retro Men Tshirts,282,3.7
670,Urbane Fashionable Men Tshirts,225,3.7
671,Urbane Elegant Men Tshirts,220,3.6
672,Farbot Men's Tshirts,179,3.7
673,Stylish Fashionista Men Tshirts,194,3.7
674,Men Polyester Regular Tshirts,284,3.8
675,FABRIPPLE Men's Tshirts,259,3.8
676,Urbane Designer Men Tshirts,232,3.8
677,Urbane Fashionable Men Tshirts,254,3.6
678,Cotton Men Cotton Regular Tshirts,296,3.6
679,Fancy Designer Men Tshirts,186,3.9
680,CHHOTE NAWAB Men's Tshirts,318,3.9
681,Trendy Fashionista Men Tshirts(yellow),311,3.8
682,Trendy Elegant Men Tshirts,225,3.7
683,Fancy Retro Men Tshirts,199,3.9
684,Stylish Glamorous Men Tshirts,153,3.7
685,FABRIPPLE Men's Tshirts,200,3.7
686,Stylish Designer Men Tshirts,158,3.7
687,Urbane Graceful Men Tshirts,218,3.8
688,Gespo Men's Tshirts,295,3.8
689,Stylish Retro Men Tshirts,282,3.7
690,Urbane Fashionable Men Tshirts,225,3.7
691,Urbane Elegant Men Tshirts,220,3.6
692,Farbot Men's Tshirts,179,3.7
693,Stylish Fashionista Men Tshirts,194,3.7
694,Men Polyester Regular Tshirts,284,3.8
695,FABRIPPLE Men's Tshirts,259,3.8
696,Urbane Designer Men Tshirts,232,3.8
697,Urbane Fashionable Men Tshirts,254,3.6
698,Cotton Men Cotton Regular Tshirts,296,3.6
699,Fancy Designer Men Tshirts,186,3.9
700,CHHOTE NAWAB Men's Tshirts,318,3.9
701,Trendy Fashionista Men Tshirts(yellow),311,3.8
702,Trendy Elegant Men Tshirts,225,3.7
703,Fancy Retro Men Tshirts,199,3.9
704,Stylish Glamorous Men Tshirts,153,3.7
705,FABRIPPLE Men's Tshirts,200,3.7
706,Stylish Designer Men Tshirts,158,3.7
707,Urbane Graceful Men Tshirts,218,3.8
708,Gespo Men's Tshirts,295,3.8
709,Stylish Retro Men Tshirts,282,3.7
710,Urbane Fashionable Men Tshirts,225,3.7
711,Urbane Elegant Men Tshirts,220,3.6
712,Farbot Men's Tshirts,179,3.7
713,Stylish Fashionista Men Tshirts,194,3.7
714,Men Polyester Regular Tshirts,284,3.8
715,FABRIPPLE Men's Tshirts,259,3.8
716,Urbane Designer Men Tshirts,232,3.8
717,Urbane Fashionable Men Tshirts,254,3.6
718,Cotton Men Cotton Regular Tshirts,296,3.6
719,Fancy Designer Men Tshirts,186,3.9
720,CHHOTE NAWAB Men's Tshirts,318,3.9
721,Trendy Fashionista Men Tshirts(yellow),311,3.8
722,Trendy Elegant Men Tshirts,225,3.7
723,Fancy Retro Men Tshirts,199,3.9
724,Stylish Glamorous Men Tshirts,153,3.7
725,FABRIPPLE Men's Tshirts,200,3.7
726,Stylish Designer Men Tshirts,158,3.7
727,Urbane Graceful Men Tshirts,218,3.8
728,Gespo Men's Tshirts,295,3.8
729,Stylish Retro Men Tshirts,282,3.7
730,Urbane Fashionable Men Tshirts,225,3.7
731,Urbane Elegant Men Tshirts,220,3.6
732,Farbot Men's Tshirts,179,3.7
733,Stylish Fashionista Men Tshirts,194,3.7
734,Men Polyester Regular Tshirts,284,3.8
735,FABRIPPLE Men's Tshirts,259,3.8
736,Urbane Designer Men Tshirts,232,3.8
737,Urbane Fashionable Men Tshirts,254,3.6
738,Cotton Men Cotton Regular Tshirts,296,3.6
739,Fancy Designer Men Tshirts,186,3.9
740,CHHOTE NAWAB Men's Tshirts,318,3.9
741,Trendy Fashionista Men Tshirts(yellow),311,3.8
742,Trendy Elegant Men Tshirts,225,3.7
743,Fancy Retro Men Tshirts,199,3.9
744,Stylish Glamorous Men Tshirts,153,3.7
745,FABRIPPLE Men's Tshirts,200,3.7
746,Stylish Designer Men Tshirts,158,3.7
747,Urbane Graceful Men Tshirts,218,3.8
748,Gespo Men's Tshirts,295,3.8
749,Stylish Retro Men Tshirts,282,3.7
750,Urbane Fashionable Men Tshirts,225,3.7
751,Urbane Elegant Men Tshirts,220,3.6
752,Farbot Men's Tshirts,179,3.7
753,Stylish Fashionista Men Tshirts,194,3.7
754,Men Polyester Regular Tshirts,284,3.8
755,FABRIPPLE Men's Tshirts,259,3.8
756,Urbane Designer Men Tshirts,232,3.8
757,Urbane Fashionable Men Tshirts,254,3.6
758,Cotton Men Cotton Regular Tshirts,296,3.6
759,Fancy Designer Men Tshirts,186,3.9
760,CHHOTE NAWAB Men's Tshirts,318,3.9
761,Trendy Fashionista Men Tshirts(yellow),311,3.8
762,Trendy Elegant Men Tshirts,225,3.7
763,Fancy Retro Men Tshirts,199,3.9
764,Stylish Glamorous Men Tshirts,153,3.7
765,FABRIPPLE Men's Tshirts,200,3.7
766,Stylish Designer Men Tshirts,158,3.7
767,Urbane Graceful Men Tshirts,218,3.8
768,Gespo Men's Tshirts,295,3.8
769,Stylish Retro Men Tshirts,282,3.7
770,Urbane Fashionable Men Tshirts,225,3.7
771,Urbane Elegant Men Tshirts,220,3.6
772,Farbot Men's Tshirts,179,3.7
773,Stylish Fashionista Men Tshirts,194,3.7
774,Men Polyester Regular Tshirts,284,3.8
775,FABRIPPLE Men's Tshirts,259,3.8
776,Urbane Designer Men Tshirts,232,3.8
777,Urbane Fashionable Men Tshirts,254,3.6
778,Cotton Men Cotton Regular Tshirts,296,3.6
779,Fancy Designer Men Tshirts,186,3.9
780,CHHOTE NAWAB Men's Tshirts,318,3.9
781,Trendy Fashionista Men Tshirts(yellow),311,3.8
782,Trendy Elegant Men Tshirts,225,3.7
783,Fancy Retro Men Tshirts,199,3.9
784,Stylish Glamorous Men Tshirts,153,3.7
785,FABRIPPLE Men's Tshirts,200,3.7
786,Stylish Designer Men Tshirts,158,3.7
787,Urbane Graceful Men Tshirts,218,3.8
788,Gespo Men's Tshirts,295,3.8
789,Stylish Retro Men Tshirts,282,3.7
790,Urbane Fashionable Men Tshirts,225,3.7
791,Urbane Elegant Men Tshirts,220,3.6
792,Farbot Men's Tshirts,179,3.7
793,Stylish Fashionista Men Tshirts,194,3.7
794,Men Polyester Regular Tshirts,284,3.8
795,FABRIPPLE Men's Tshirts,259,3.8
796,Urbane Designer Men Tshirts,232,3.8
797,Urbane Fashionable Men Tshirts,254,3.6
798,Cotton Men Cotton Regular Tshirts,296,3.6
799,Fancy Designer Men Tshirts,186,3.9
800,CHHOTE NAWAB Men's Tshirts,318,3.9
801,Trendy Fashionista Men Tshirts(yellow),311,3.8
802,Trendy Elegant Men Tshirts,225,3.7
803,Fancy Retro Men Tshirts,199,3.9
804,Stylish Glamorous Men Tshirts,153,3.7
805,FABRIPPLE Men's Tshirts,200,3.7
806,Stylish Designer Men Tshirts,158,3.7
807,Urbane Graceful Men Tshirts,218,3.8
808,Gespo Men's Tshirts,295,3.8
809,Stylish Retro Men Tshirts,282,3.7
810,Urbane Fashionable Men Tshirts,225,3.7
811,Urbane Elegant Men Tshirts,220,3.6
812,Farbot Men's Tshirts,179,3.7
813,Stylish Fashionista Men Tshirts,194,3.7
814,Men Polyester Regular Tshirts,284,3.8
815,FABRIPPLE Men's Tshirts,259,3.8
816,Urbane Designer Men Tshirts,232,3.8
817,Urbane Fashionable Men Tshirts,254,3.6
818,Cotton Men Cotton Regular Tshirts,296,3.6
819,Fancy Designer Men Tshirts,186,3.9
820,CHHOTE NAWAB Men's Tshirts,318,3.9
821,Trendy Fashionista Men Tshirts(yellow),311,3.8
822,Trendy Elegant Men Tshirts,225,3.7
823,Fancy Retro Men Tshirts,199,3.9
824,Stylish Glamorous Men Tshirts,153,3.7
825,FABRIPPLE Men's Tshirts,200,3.7
826,Stylish Designer Men Tshirts,158,3.7
827,Urbane Graceful Men Tshirts,218,3.8
828,Gespo Men's Tshirts,295,3.8
829,Stylish Retro Men Tshirts,282,3.7
830,Urbane Fashionable Men Tshirts,225,3.7
831,Urbane Elegant Men Tshirts,220,3.6
832,Farbot Men's Tshirts,179,3.7
833,Stylish Fashionista Men Tshirts,194,3.7
834,Men Polyester Regular Tshirts,284,3.8
835,FABRIPPLE Men's Tshirts,259,3.8
836,Urbane Designer Men Tshirts,232,3.8
837,Urbane Fashionable Men Tshirts,254,3.6
838,Cotton Men Cotton Regular Tshirts,296,3.6
839,Fancy Designer Men Tshirts,186,3.9
840,CHHOTE NAWAB Men's Tshirts,318,3.9
841,Trendy Fashionista Men Tshirts(yellow),311,3.8
842,Trendy Elegant Men Tshirts,225,3.7
843,Fancy Retro Men Tshirts,199,3.9
844,Stylish Glamorous Men Tshirts,153,3.7
845,FABRIPPLE Men's Tshirts,200,3.7
846,Stylish Designer Men Tshirts,158,3.7
847,Urbane Graceful Men Tshirts,218,3.8
848,Gespo Men's Tshirts,295,3.8
849,Stylish Retro Men Tshirts,282,3.7
850,Urbane Fashionable Men Tshirts,225,3.7
851,Urbane Elegant Men Tshirts,220,3.6
852,Farbot Men's Tshirts,179,3.7
853,Stylish Fashionista Men Tshirts,194,3.7
854,Men Polyester Regular Tshirts,284,3.8
855,FABRIPPLE Men's Tshirts,259,3.8
856,Urbane Designer Men Tshirts,232,3.8
857,Urbane Fashionable Men Tshirts,254,3.6
858,Cotton Men Cotton Regular Tshirts,296,3.6
859,Fancy Designer Men Tshirts,186,3.9
860,CHHOTE NAWAB Men's Tshirts,318,3.9
861,Trendy Fashionista Men Tshirts(yellow),311,3.8
862,Trendy Elegant Men Tshirts,225,3.7
863,Fancy Retro Men Tshirts,199,3.9
864,Stylish Glamorous Men Tshirts,153,3.7
865,FABRIPPLE Men's Tshirts,200,3.7
866,Stylish Designer Men Tshirts,158,3.7
867,Urbane Graceful Men Tshirts,218,3.8
868,Gespo Men's Tshirts,295,3.8
869,Stylish Retro Men Tshirts,282,3.7
870,Urbane Fashionable Men Tshirts,225,3.7
871,Urbane Elegant Men Tshirts,220,3.6
872,Farbot Men's Tshirts,179,3.7
873,Stylish Fashionista Men Tshirts,194,3.7
874,Men Polyester Regular Tshirts,284,3.8
875,FABRIPPLE Men's Tshirts,259,3.8
876,Urbane Designer Men Tshirts,232,3.8
877,Urbane Fashionable Men Tshirts,254,3.6
878,Cotton Men Cotton Regular Tshirts,296,3.6
879,Fancy Designer Men Tshirts,186,3.9
880,CHHOTE NAWAB Men's Tshirts,318,3.9
881,Trendy Fashionista Men Tshirts(yellow),311,3.8
882,Trendy Elegant Men Tshirts,225,3.7
883,Fancy Retro Men Tshirts,199,3.9
884,Stylish Glamorous Men Tshirts,153,3.7
885,FABRIPPLE Men's Tshirts,200,3.7
886,Stylish Designer Men Tshirts,158,3.7
887,Urbane Graceful Men Tshirts,218,3.8
888,Gespo Men's Tshirts,295,3.8
889,Stylish Retro Men Tshirts,282,3.7
890,Urbane Fashionable Men Tshirts,225,3.7
891,Urbane Elegant Men Tshirts,220,3.6
892,Farbot Men's Tshirts,179,3.7
893,Stylish Fashionista Men Tshirts,194,3.7
894,Men Polyester Regular Tshirts,284,3.8
895,FABRIPPLE Men's Tshirts,259,3.8
896,Urbane Designer Men Tshirts,232,3.8
897,Urbane Fashionable Men Tshirts,254,3.6
898,Cotton Men Cotton Regular Tshirts,296,3.6
899,Fancy Designer Men Tshirts,186,3.9
900,CHHOTE NAWAB Men's Tshirts,318,3.9
901,Trendy Fashionista Men Tshirts(yellow),311,3.8
902,Trendy Elegant Men Tshirts,225,3.7
903,Fancy Retro Men Tshirts,199,3.9
904,Stylish Glamorous Men Tshirts,153,3.7
905,FABRIPPLE Men's Tshirts,200,3.7
906,Stylish Designer Men Tshirts,158,3.7
907,Urbane Graceful Men Tshirts,218,3.8
908,Gespo Men's Tshirts,295,3.8
909,Stylish Retro Men Tshirts,282,3.7
910,Urbane Fashionable Men Tshirts,225,3.7
911,Urbane Elegant Men Tshirts,220,3.6
912,Farbot Men's Tshirts,179,3.7
913,Stylish Fashionista Men Tshirts,194,3.7
914,Men Polyester Regular Tshirts,284,3.8
915,FABRIPPLE Men's Tshirts,259,3.8
916,Urbane Designer Men Tshirts,232,3.8
917,Urbane Fashionable Men Tshirts,254,3.6
918,Cotton Men Cotton Regular Tshirts,296,3.6
919,Fancy Designer Men Tshirts,186,3.9
920,CHHOTE NAWAB Men's Tshirts,318,3.9
921,Trendy Fashionista Men Tshirts(yellow),311,3.8
922,Trendy Elegant Men Tshirts,225,3.7
923,Fancy Retro Men Tshirts,199,3.9
924,Stylish Glamorous Men Tshirts,153,3.7
925,FABRIPPLE Men's Tshirts,200,3.7
926,Stylish Designer Men Tshirts,158,3.7
927,Urbane Graceful Men Tshirts,218,3.8
928,Gespo Men's Tshirts,295,3.8
929,Stylish Retro Men Tshirts,282,3.7
930,Urbane Fashionable Men Tshirts,225,3.7
931,Urbane Elegant Men Tshirts,220,3.6
932,Farbot Men's Tshirts,179,3.7
933,Stylish Fashionista Men Tshirts,194,3.7
934,Men Polyester Regular Tshirts,284,3.8
935,FABRIPPLE Men's Tshirts,259,3.8
936,Urbane Designer Men Tshirts,232,3.8
937,Urbane Fashionable Men Tshirts,254,3.6
938,Cotton Men Cotton Regular Tshirts,296,3.6
939,Fancy Designer Men Tshirts,186,3.9
940,CHHOTE NAWAB Men's Tshirts,318,3.9
941,Trendy Fashionista Men Tshirts(yellow),311,3.8
942,Trendy Elegant Men Tshirts,225,3.7
943,Fancy Retro Men Tshirts,199,3.9
944,Stylish Glamorous Men Tshirts,153,3.7
945,FABRIPPLE Men's Tshirts,200,3.7
946,Stylish Designer Men Tshirts,158,3.7
947,Urbane Graceful Men Tshirts,218,3.8
948,Gespo Men's Tshirts,295,3.8
949,Stylish Retro Men Tshirts,282,3.7
950,Urbane Fashionable Men Tshirts,225,3.7
951,Urbane Elegant Men Tshirts,220,3.6
952,Farbot Men's Tshirts,179,3.7
953,Stylish Fashionista Men Tshirts,194,3.7
954,Men Polyester Regular Tshirts,284,3.8
955,FABRIPPLE Men's Tshirts,259,3.8
956,Urbane Designer Men Tshirts,232,3.8
957,Urbane Fashionable Men Tshirts,254,3.6
958,Cotton Men Cotton Regular Tshirts,296,3.6
959,Fancy Designer Men Tshirts,186,3.9
960,CHHOTE NAWAB Men's Tshirts,318,3.9
961,Trendy Fashionista Men Tshirts(yellow),311,3.8
962,Trendy Elegant Men Tshirts,225,3.7
963,Fancy Retro Men Tshirts,199,3.9
964,Stylish Glamorous Men Tshirts,153,3.7
965,FABRIPPLE Men's Tshirts,200,3.7
966,Stylish Designer Men Tshirts,158,3.7
967,Urbane Graceful Men Tshirts,218,3.8
968,Gespo Men's Tshirts,295,3.8
969,Stylish Retro Men Tshirts,282,3.7
970,Urbane Fashionable Men Tshirts,225,3.7
971,Urbane Elegant Men Tshirts,220,3.6
972,Farbot Men's Tshirts,179,3.7
973,Stylish Fashionista Men Tshirts,194,3.7
974,Men Polyester Regular Tshirts,284,3.8
975,FABRIPPLE Men's Tshirts,259,3.8
976,Urbane Designer Men Tshirts,232,3.8
977,Urbane Fashionable Men Tshirts,254,3.6
978,Cotton Men Cotton Regular Tshirts,296,3.6
979,Fancy Designer Men Tshirts,186,3.9
980,CHHOTE NAWAB Men's Tshirts,318,3.9
981,Trendy Fashionista Men Tshirts(yellow),311,3.8
982,Trendy Elegant Men Tshirts,225,3.7
983,Fancy Retro Men Tshirts,199,3.9
984,Stylish Glamorous Men Tshirts,153,3.7
985,FABRIPPLE Men's Tshirts,200,3.7
986,Stylish Designer Men Tshirts,158,3.7
987,Urbane Graceful Men Tshirts,218,3.8
988,Gespo Men's Tshirts,295,3.8
989,Stylish Retro Men Tshirts,282,3.7
990,Urbane Fashionable Men Tshirts,225,3.7
991,Urbane Elegant Men Tshirts,220,3.6
992,Farbot Men's Tshirts,179,3.7
993,Stylish Fashionista Men Tshirts,194,3.7
994,Pretty Designer Men Tshirts,305,4
995,FABRIPPLE Men's Tshirts,259,3.8
996,Urbane Designer Men Tshirts,232,3.8
997,Urbane Fashionable Men Tshirts,254,3.6
998,Cotton Men Cotton Regular Tshirts,296,3.6
999,Fancy Designer Men Tshirts,186,3.9
1000,CHHOTE NAWAB Men's Tshirts,318,3.9
1001,Trendy Fashionista Men Tshirts(yellow),311,3.8
1002,Trendy Elegant Men Tshirts,225,3.7
1003,Fancy Retro Men Tshirts,199,3.9
1004,Stylish Glamorous Men Tshirts,153,3.7
1005,FABRIPPLE Men's Tshirts,200,3.7
1006,Stylish Designer Men Tshirts,158,3.7
1007,Urbane Graceful Men Tshirts,218,3.8
1008,Gespo Men's Tshirts,295,3.8
1009,Stylish Retro Men Tshirts,282,3.7
1010,Urbane Fashionable Men Tshirts,225,3.7
1011,Urbane Elegant Men Tshirts,220,3.6
1012,Farbot Men's Tshirts,179,3.7
1013,Stylish Fashionista Men Tshirts,194,3.7
1014,Men Polyester Regular Tshirts,284,3.8
1015,FABRIPPLE Men's Tshirts,259,3.8
1016,Urbane Designer Men Tshirts,232,3.8
1017,Urbane Fashionable Men Tshirts,254,3.6
1018,Cotton Men Cotton Regular Tshirts,296,3.6
1019,Fancy Designer Men Tshirts,186,3.9
1020,CHHOTE NAWAB Men's Tshirts,318,3.9
1021,Trendy Fashionista Men Tshirts(yellow),311,3.8
1022,Trendy Elegant Men Tshirts,225,3.7
1023,Fancy Retro Men Tshirts,199,3.9
1024,Stylish Glamorous Men Tshirts,153,3.7
1025,FABRIPPLE Men's Tshirts,200,3.7
1026,Stylish Designer Men Tshirts,158,3.7
1027,Urbane Graceful Men Tshirts,218,3.8
1028,Gespo Men's Tshirts,295,3.8
1029,Stylish Retro Men Tshirts,282,3.7
1030,Urbane Fashionable Men Tshirts,225,3.7
1031,Urbane Elegant Men Tshirts,220,3.6
1032,Farbot Men's Tshirts,179,3.7
1033,Stylish Fashionista Men Tshirts,194,3.7
1034,Men Polyester Regular Tshirts,284,3.8
1035,FABRIPPLE Men's Tshirts,259,3.8
1036,Urbane Designer Men Tshirts,232,3.8
1037,Urbane Fashionable Men Tshirts,254,3.6
1038,Cotton Men Cotton Regular Tshirts,296,3.6
1039,Fancy Designer Men Tshirts,186,3.9
1040,CHHOTE NAWAB Men's Tshirts,318,3.9
1041,Trendy Fashionista Men Tshirts(yellow),311,3.8
1042,Trendy Elegant Men Tshirts,225,3.7
1043,Fancy Retro Men Tshirts,199,3.9
1044,Stylish Glamorous Men Tshirts,153,3.7
1045,FABRIPPLE Men's Tshirts,200,3.7
1046,Stylish Designer Men Tshirts,158,3.7
1047,Urbane Graceful Men Tshirts,218,3.8
1048,Gespo Men's Tshirts,295,3.8
1049,Stylish Retro Men Tshirts,282,3.7
1050,Urbane Fashionable Men Tshirts,225,3.7
1051,Urbane Elegant Men Tshirts,220,3.6
1052,Farbot Men's Tshirts,179,3.7
1053,Stylish Fashionista Men Tshirts,194,3.7
1054,Men Polyester Regular Tshirts,284,3.8
1055,FABRIPPLE Men's Tshirts,259,3.8
1056,Urbane Designer Men Tshirts,232,3.8
1057,Urbane Fashionable Men Tshirts,254,3.6
1058,Cotton Men Cotton Regular Tshirts,296,3.6
1059,Fancy Designer Men Tshirts,186,3.9
1060,CHHOTE NAWAB Men's Tshirts,318,3.9
1061,Trendy Fashionista Men Tshirts(yellow),311,3.8
1062,Trendy Elegant Men Tshirts,225,3.7
1063,Fancy Retro Men Tshirts,199,3.9
1064,Stylish Glamorous Men Tshirts,153,3.7
1065,FABRIPPLE Men's Tshirts,200,3.7
1066,Stylish Designer Men Tshirts,158,3.7
1067,Urbane Graceful Men Tshirts,218,3.8
1068,Gespo Men's Tshirts,295,3.8
1069,Stylish Retro Men Tshirts,282,3.7
1070,Urbane Fashionable Men Tshirts,225,3.7
1071,Urbane Elegant Men Tshirts,220,3.6
1072,Farbot Men's Tshirts,179,3.7
1073,Stylish Fashionista Men Tshirts,194,3.7
1074,Pretty Designer Men Tshirts,305,4
1075,FABRIPPLE Men's Tshirts,259,3.8
1076,Urbane Designer Men Tshirts,232,3.8
1077,Urbane Fashionable Men Tshirts,254,3.6
1078,Cotton Men Cotton Regular Tshirts,296,3.6
1079,Fancy Designer Men Tshirts,186,3.9
1080,CHHOTE NAWAB Men's Tshirts,318,3.9
1081,Trendy Fashionista Men Tshirts(yellow),311,3.8
1082,Trendy Elegant Men Tshirts,225,3.7
1083,Fancy Retro Men Tshirts,199,3.9
1084,Stylish Glamorous Men Tshirts,153,3.7
1085,FABRIPPLE Men's Tshirts,200,3.7
1086,Stylish Designer Men Tshirts,158,3.7
1087,Urbane Graceful Men Tshirts,218,3.8
1088,Gespo Men's Tshirts,295,3.8
1089,Stylish Retro Men Tshirts,282,3.7
1090,Urbane Fashionable Men Tshirts,225,3.7
1091,Urbane Elegant Men Tshirts,220,3.6
1092,Farbot Men's Tshirts,179,3.7
1093,Stylish Fashionista Men Tshirts,194,3.7
1094,Pretty Designer Men Tshirts,305,4
1095,FABRIPPLE Men's Tshirts,259,3.8
1096,Urbane Designer Men Tshirts,232,3.8
1097,Urbane Fashionable Men Tshirts,254,3.6
1098,Cotton Men Cotton Regular Tshirts,296,3.6
1099,Fancy Designer Men Tshirts,186,3.9
1100,CHHOTE NAWAB Men's Tshirts,318,3.9
1101,Trendy Fashionista Men Tshirts(yellow),311,3.8
1102,Trendy Elegant Men Tshirts,225,3.7
1103,Fancy Retro Men Tshirts,199,3.9
1104,Stylish Glamorous Men Tshirts,153,3.7
1105,FABRIPPLE Men's Tshirts,200,3.7
1106,Stylish Designer Men Tshirts,158,3.7
1107,Urbane Graceful Men Tshirts,218,3.8
1108,Gespo Men's Tshirts,295,3.8
1109,Stylish Retro Men Tshirts,282,3.7
1110,Urbane Fashionable Men Tshirts,225,3.7
1111,Urbane Elegant Men Tshirts,220,3.6
1112,Farbot Men's Tshirts,179,3.7
1113,Stylish Fashionista Men Tshirts,194,3.7
1114,Men Polyester Regular Tshirts,284,3.8
1115,FABRIPPLE Men's Tshirts,259,3.8
1116,Urbane Designer Men Tshirts,232,3.8
1117,Urbane Fashionable Men Tshirts,254,3.6
1118,Cotton Men Cotton Regular Tshirts,296,3.6
1119,Fancy Designer Men Tshirts,186,3.9
1120,CHHOTE NAWAB Men's Tshirts,318,3.9
1121,Trendy Fashionista Men Tshirts(yellow),311,3.8
1122,Trendy Elegant Men Tshirts,225,3.7
1123,Fancy Retro Men Tshirts,199,3.9
1124,Stylish Glamorous Men Tshirts,153,3.7
1125,FABRIPPLE Men's Tshirts,200,3.7
1126,Stylish Designer Men Tshirts,158,3.7
1127,Urbane Graceful Men Tshirts,218,3.8
1128,Gespo Men's Tshirts,295,3.8
1129,Stylish Retro Men Tshirts,282,3.7
1130,Urbane Fashionable Men Tshirts,225,3.7
1131,Urbane Elegant Men Tshirts,220,3.6
1132,Farbot Men's Tshirts,179,3.7
1133,Stylish Fashionista Men Tshirts,194,3.7
1134,Men Polyester Regular Tshirts,284,3.8
1135,FABRIPPLE Men's Tshirts,259,3.8
1136,Urbane Designer Men Tshirts,232,3.8
1137,Urbane Fashionable Men Tshirts,254,3.6
1138,Cotton Men Cotton Regular Tshirts,296,3.6
1139,Fancy Designer Men Tshirts,186,3.9
1140,CHHOTE NAWAB Men's Tshirts,318,3.9
1141,Trendy Fashionista Men Tshirts(yellow),311,3.8
1142,Trendy Elegant Men Tshirts,225,3.7
1143,Fancy Retro Men Tshirts,199,3.9
1144,Stylish Glamorous Men Tshirts,153,3.7
1145,FABRIPPLE Men's Tshirts,200,3.7
1146,Stylish Designer Men Tshirts,158,3.7
1147,Urbane Graceful Men Tshirts,218,3.8
1148,Gespo Men's Tshirts,295,3.8
1149,Stylish Retro Men Tshirts,282,3.7
1150,Urbane Fashionable Men Tshirts,225,3.7
1151,Urbane Elegant Men Tshirts,220,3.6
1152,Farbot Men's Tshirts,179,3.7
1153,Stylish Fashionista Men Tshirts,194,3.7
1154,Men Polyester Regular Tshirts,284,3.8
1155,FABRIPPLE Men's Tshirts,259,3.8
1156,Urbane Designer Men Tshirts,232,3.8
1157,Urbane Fashionable Men Tshirts,254,3.6
1158,Cotton Men Cotton Regular Tshirts,296,3.6
1159,Fancy Designer Men Tshirts,186,3.9
1160,CHHOTE NAWAB Men's Tshirts,318,3.9
1161,Trendy Fashionista Men Tshirts(yellow),311,3.8
1162,Trendy Elegant Men Tshirts,225,3.7
1163,Fancy Retro Men Tshirts,199,3.9
1164,Stylish Glamorous Men Tshirts,153,3.7
1165,FABRIPPLE Men's Tshirts,200,3.7
1166,Stylish Designer Men Tshirts,158,3.7
1167,Urbane Graceful Men Tshirts,218,3.8
1168,Gespo Men's Tshirts,295,3.8
1169,Stylish Retro Men Tshirts,282,3.7
1170,Urbane Fashionable Men Tshirts,225,3.7
1171,Urbane Elegant Men Tshirts,220,3.6
1172,Farbot Men's Tshirts,179,3.7
1173,Stylish Fashionista Men Tshirts,194,3.7
1174,Men Polyester Regular Tshirts,284,3.8
1175,FABRIPPLE Men's Tshirts,259,3.8
1176,Urbane Designer Men Tshirts,232,3.8
1177,Urbane Fashionable Men Tshirts,254,3.6
1178,Cotton Men Cotton Regular Tshirts,296,3.6
1179,Fancy Designer Men Tshirts,186,3.9
1180,CHHOTE NAWAB Men's Tshirts,318,3.9
1181,Trendy Fashionista Men Tshirts(yellow),311,3.8
1182,Trendy Elegant Men Tshirts,225,3.7
1183,Fancy Retro Men Tshirts,199,3.9
1184,Stylish Glamorous Men Tshirts,153,3.7
1185,FABRIPPLE Men's Tshirts,200,3.7
1186,Stylish Designer Men Tshirts,158,3.7
1187,Urbane Graceful Men Tshirts,218,3.8
1188,Gespo Men's Tshirts,295,3.8
1189,Stylish Retro Men Tshirts,282,3.7
1190,Urbane Fashionable Men Tshirts,225,3.7
1191,Urbane Elegant Men Tshirts,220,3.6
1192,Farbot Men's Tshirts,179,3.7
1193,Stylish Fashionista Men Tshirts,194,3.7
1194,Men Polyester Regular Tshirts,284,3.8
1195,FABRIPPLE Men's Tshirts,259,3.8
1196,Urbane Designer Men Tshirts,232,3.8
1197,Urbane Fashionable Men Tshirts,254,3.6
1198,Cotton Men Cotton Regular Tshirts,296,3.6
1199,Fancy Designer Men Tshirts,186,3.9
1200,CHHOTE NAWAB Men's Tshirts,318,3.9
1201,Trendy Fashionista Men Tshirts(yellow),311,3.8
1202,Trendy Elegant Men Tshirts,225,3.7
1203,Fancy Retro Men Tshirts,199,3.9
1204,Stylish Glamorous Men Tshirts,153,3.7
1205,FABRIPPLE Men's Tshirts,200,3.7
1206,Stylish Designer Men Tshirts,158,3.7
1207,Urbane Graceful Men Tshirts,218,3.8
1208,Gespo Men's Tshirts,295,3.8
1209,Stylish Retro Men Tshirts,282,3.7
1210,Urbane Fashionable Men Tshirts,225,3.7
1211,Urbane Elegant Men Tshirts,220,3.6
1212,Farbot Men's Tshirts,179,3.7
1213,Stylish Fashionista Men Tshirts,194,3.7
1214,Men Polyester Regular Tshirts,284,3.8
1215,FABRIPPLE Men's Tshirts,259,3.8
1216,Urbane Designer Men Tshirts,232,3.8
1217,Urbane Fashionable Men Tshirts,254,3.6
1218,Cotton Men Cotton Regular Tshirts,296,3.6
1219,Fancy Designer Men Tshirts,186,3.9
1220,CHHOTE NAWAB Men's Tshirts,318,3.9
1221,Trendy Fashionista Men Tshirts(yellow),311,3.8
1222,Trendy Elegant Men Tshirts,225,3.7
1223,Fancy Retro Men Tshirts,199,3.9
1224,Stylish Glamorous Men Tshirts,153,3.7
1225,FABRIPPLE Men's Tshirts,200,3.7
1226,Stylish Designer Men Tshirts,158,3.7
1227,Urbane Graceful Men Tshirts,218,3.8
1228,Gespo Men's Tshirts,295,3.8
1229,Stylish Retro Men Tshirts,282,3.7
1230,Urbane Fashionable Men Tshirts,225,3.7
1231,Urbane Elegant Men Tshirts,220,3.6
1232,Farbot Men's Tshirts,179,3.7
1233,Stylish Fashionista Men Tshirts,194,3.7
1234,Men Polyester Regular Tshirts,284,3.8
1235,FABRIPPLE Men's Tshirts,259,3.8
1236,Urbane Designer Men Tshirts,232,3.8
1237,Urbane Fashionable Men Tshirts,254,3.6
1238,Cotton Men Cotton Regular Tshirts,296,3.6
1239,Fancy Designer Men Tshirts,186,3.9
1240,CHHOTE NAWAB Men's Tshirts,318,3.9
1241,Trendy Fashionista Men Tshirts(yellow),311,3.8
1242,Trendy Elegant Men Tshirts,225,3.7
1243,Fancy Retro Men Tshirts,199,3.9
1244,Stylish Glamorous Men Tshirts,153,3.7
1245,FABRIPPLE Men's Tshirts,200,3.7
1246,Stylish Designer Men Tshirts,158,3.7
1247,Urbane Graceful Men Tshirts,218,3.8
1248,Gespo Men's Tshirts,295,3.8
1249,Stylish Retro Men Tshirts,282,3.7
1250,Urbane Fashionable Men Tshirts,225,3.7
1251,Urbane Elegant Men Tshirts,220,3.6
1252,Farbot Men's Tshirts,179,3.7
1253,Stylish Fashionista Men Tshirts,194,3.7
1254,Men Polyester Regular Tshirts,284,3.8
1255,FABRIPPLE Men's Tshirts,259,3.8
1256,Urbane Designer Men Tshirts,232,3.8
1257,Urbane Fashionable Men Tshirts,254,3.6
1258,Cotton Men Cotton Regular Tshirts,296,3.6
1259,Fancy Designer Men Tshirts,186,3.9
1260,CHHOTE NAWAB Men's Tshirts,318,3.9
1261,Trendy Fashionista Men Tshirts(yellow),311,3.8
1262,Trendy Elegant Men Tshirts,225,3.7
1263,Fancy Retro Men Tshirts,199,3.9
1264,Stylish Glamorous Men Tshirts,153,3.7
1265,FABRIPPLE Men's Tshirts,200,3.7
1266,Stylish Designer Men Tshirts,158,3.7
1267,Urbane Graceful Men Tshirts,218,3.8
1268,Gespo Men's Tshirts,295,3.8
1269,Stylish Retro Men Tshirts,282,3.7
1270,Urbane Fashionable Men Tshirts,225,3.7
1271,Urbane Elegant Men Tshirts,220,3.6
1272,Farbot Men's Tshirts,179,3.7
1273,Stylish Fashionista Men Tshirts,194,3.7
1274,Men Polyester Regular Tshirts,284,3.8
1275,FABRIPPLE Men's Tshirts,259,3.8
1276,Urbane Designer Men Tshirts,232,3.8
1277,Urbane Fashionable Men Tshirts,254,3.6
1278,Cotton Men Cotton Regular Tshirts,296,3.6
1279,Fancy Designer Men Tshirts,186,3.9
1280,CHHOTE NAWAB Men's Tshirts,318,3.9
1281,Trendy Fashionista Men Tshirts(yellow),311,3.8
1282,Trendy Elegant Men Tshirts,225,3.7
1283,Fancy Retro Men Tshirts,199,3.9
1284,Stylish Glamorous Men Tshirts,153,3.7
1285,FABRIPPLE Men's Tshirts,200,3.7
1286,Stylish Designer Men Tshirts,158,3.7
1287,Urbane Graceful Men Tshirts,218,3.8
1288,Gespo Men's Tshirts,295,3.8
1289,Stylish Retro Men Tshirts,282,3.7
1290,Urbane Fashionable Men Tshirts,225,3.7
1291,Urbane Elegant Men Tshirts,220,3.6
1292,Farbot Men's Tshirts,179,3.7
1293,Stylish Fashionista Men Tshirts,194,3.7
1294,Pretty Designer Men Tshirts,305,4
1295,FABRIPPLE Men's Tshirts,259,3.8
1296,Urbane Designer Men Tshirts,232,3.8
1297,Urbane Fashionable Men Tshirts,254,3.6
1298,Cotton Men Cotton Regular Tshirts,296,3.6
1299,Fancy Designer Men Tshirts,186,3.9
1300,CHHOTE NAWAB Men's Tshirts,318,3.9
1301,Trendy Fashionista Men Tshirts(yellow),311,3.8
1302,Trendy Elegant Men Tshirts,225,3.7
1303,Fancy Retro Men Tshirts,199,3.9
1304,Stylish Glamorous Men Tshirts,153,3.7
1305,FABRIPPLE Men's Tshirts,200,3.7
1306,Stylish Designer Men Tshirts,158,3.7
1307,Urbane Graceful Men Tshirts,218,3.8
1308,Gespo Men's Tshirts,295,3.8
1309,Stylish Retro Men Tshirts,282,3.7
1310,Urbane Fashionable Men Tshirts,225,3.7
1311,Urbane Elegant Men Tshirts,220,3.6
1312,Farbot Men's Tshirts,179,3.7
1313,Stylish Fashionista Men Tshirts,194,3.7
1314,Men Polyester Regular Tshirts,284,3.8
1315,FABRIPPLE Men's Tshirts,259,3.8
1316,Urbane Designer Men Tshirts,232,3.8
1317,Urbane Fashionable Men Tshirts,254,3.6
1318,Cotton Men Cotton Regular Tshirts,296,3.6
1319,Fancy Designer Men Tshirts,186,3.9
1320,CHHOTE NAWAB Men's Tshirts,318,3.9
1321,Trendy Fashionista Men Tshirts(yellow),311,3.8
1322,Trendy Elegant Men Tshirts,225,3.7
1323,Fancy Retro Men Tshirts,199,3.9
1324,Stylish Glamorous Men Tshirts,153,3.7
1325,FABRIPPLE Men's Tshirts,200,3.7
1326,Stylish Designer Men Tshirts,158,3.7
1327,Urbane Graceful Men Tshirts,218,3.8
1328,Gespo Men's Tshirts,295,3.8
1329,Stylish Retro Men Tshirts,282,3.7
1330,Urbane Fashionable Men Tshirts,225,3.7
1331,Urbane Elegant Men Tshirts,220,3.6
1332,Farbot Men's Tshirts,179,3.7
1333,Stylish Fashionista Men Tshirts,194,3.7
1334,Men Polyester Regular Tshirts,284,3.8
1335,FABRIPPLE Men's Tshirts,259,3.8
1336,Urbane Designer Men Tshirts,232,3.8
1337,Urbane Fashionable Men Tshirts,254,3.6
1338,Cotton Men Cotton Regular Tshirts,296,3.6
1339,Fancy Designer Men Tshirts,186,3.9
1340,CHHOTE NAWAB Men's Tshirts,318,3.9
1341,Trendy Fashionista Men Tshirts(yellow),311,3.8
1342,Trendy Elegant Men Tshirts,225,3.7
1343,Fancy Retro Men Tshirts,199,3.9
1344,Stylish Glamorous Men Tshirts,153,3.7
1345,FABRIPPLE Men's Tshirts,200,3.7
1346,Stylish Designer Men Tshirts,158,3.7
1347,Urbane Graceful Men Tshirts,218,3.8
1348,Gespo Men's Tshirts,295,3.8
1349,Stylish Retro Men Tshirts,282,3.7
1350,Urbane Fashionable Men Tshirts,225,3.7
1351,Urbane Elegant Men Tshirts,220,3.6
1352,Farbot Men's Tshirts,179,3.7
1353,Stylish Fashionista Men Tshirts,194,3.7
1354,Men Polyester Regular Tshirts,284,3.8
1355,FABRIPPLE Men's Tshirts,259,3.8
1356,Urbane Designer Men Tshirts,232,3.8
1357,Urbane Fashionable Men Tshirts,254,3.6
1358,Cotton Men Cotton Regular Tshirts,296,3.6
1359,Fancy Designer Men Tshirts,186,3.9
1360,CHHOTE NAWAB Men's Tshirts,318,3.9
1361,Trendy Fashionista Men Tshirts(yellow),311,3.8
1362,Trendy Elegant Men Tshirts,225,3.7
1363,Fancy Retro Men Tshirts,199,3.9
1364,Stylish Glamorous Men Tshirts,153,3.7
1365,FABRIPPLE Men's Tshirts,200,3.7
1366,Stylish Designer Men Tshirts,158,3.7
1367,Urbane Graceful Men Tshirts,218,3.8
1368,Gespo Men's Tshirts,295,3.8
1369,Stylish Retro Men Tshirts,282,3.7
1370,Urbane Fashionable Men Tshirts,225,3.7
1371,Urbane Elegant Men Tshirts,220,3.6
1372,Farbot Men's Tshirts,179,3.7
1373,Stylish Fashionista Men Tshirts,194,3.7
1374,Men Polyester Regular Tshirts,284,3.8
1375,FABRIPPLE Men's Tshirts,259,3.8
1376,Urbane Designer Men Tshirts,232,3.8
1377,Urbane Fashionable Men Tshirts,254,3.6
1378,Cotton Men Cotton Regular Tshirts,296,3.6
1379,Fancy Designer Men Tshirts,186,3.9
1380,CHHOTE NAWAB Men's Tshirts,318,3.9
1381,Trendy Fashionista Men Tshirts(yellow),311,3.8
1382,Trendy Elegant Men Tshirts,225,3.7
1383,Fancy Retro Men Tshirts,199,3.9
1384,Stylish Glamorous Men Tshirts,153,3.7
1385,FABRIPPLE Men's Tshirts,200,3.7
1386,Stylish Designer Men Tshirts,158,3.7
1387,Urbane Graceful Men Tshirts,218,3.8
1388,Gespo Men's Tshirts,295,3.8
1389,Stylish Retro Men Tshirts,282,3.7
1390,Urbane Fashionable Men Tshirts,225,3.7
1391,Urbane Elegant Men Tshirts,220,3.6
1392,Farbot Men's Tshirts,179,3.7
1393,Stylish Fashionista Men Tshirts,194,3.7
1394,Men Polyester Regular Tshirts,284,3.8
1395,FABRIPPLE Men's Tshirts,259,3.8
1396,Urbane Designer Men Tshirts,232,3.8
1397,Urbane Fashionable Men Tshirts,254,3.6
1398,Cotton Men Cotton Regular Tshirts,296,3.6
1399,Fancy Designer Men Tshirts,186,3.9
1400,CHHOTE NAWAB Men's Tshirts,318,3.9
1401,Trendy Fashionista Men Tshirts(yellow),311,3.8
1402,Trendy Elegant Men Tshirts,225,3.7
1403,Fancy Retro Men Tshirts,199,3.9
1404,Stylish Glamorous Men Tshirts,153,3.7
1405,FABRIPPLE Men's Tshirts,200,3.7
1406,Stylish Designer Men Tshirts,158,3.7
1407,Urbane Graceful Men Tshirts,218,3.8
1408,Gespo Men's Tshirts,295,3.8
1409,Stylish Retro Men Tshirts,282,3.7
1410,Urbane Fashionable Men Tshirts,225,3.7
1411,Urbane Elegant Men Tshirts,220,3.6
1412,Farbot Men's Tshirts,179,3.7
1413,Stylish Fashionista Men Tshirts,194,3.7
1414,Men Polyester Regular Tshirts,284,3.8
1415,FABRIPPLE Men's Tshirts,259,3.8
1416,Urbane Designer Men Tshirts,232,3.8
1417,Urbane Fashionable Men Tshirts,254,3.6
1418,Cotton Men Cotton Regular Tshirts,296,3.6
1419,Fancy Designer Men Tshirts,186,3.9
1420,CHHOTE NAWAB Men's Tshirts,318,3.9
1421,Trendy Fashionista Men Tshirts(yellow),311,3.8
1422,Trendy Elegant Men Tshirts,225,3.7
1423,Fancy Retro Men Tshirts,199,3.9
1424,Stylish Glamorous Men Tshirts,153,3.7
1425,FABRIPPLE Men's Tshirts,200,3.7
1426,Stylish Designer Men Tshirts,158,3.7
1427,Urbane Graceful Men Tshirts,218,3.8
1428,Gespo Men's Tshirts,295,3.8
1429,Stylish Retro Men Tshirts,282,3.7
1430,Urbane Fashionable Men Tshirts,225,3.7
1431,Urbane Elegant Men Tshirts,220,3.6
1432,Farbot Men's Tshirts,179,3.7
1433,Stylish Fashionista Men Tshirts,194,3.7
1434,Men Polyester Regular Tshirts,284,3.8
1435,FABRIPPLE Men's Tshirts,259,3.8
1436,Urbane Designer Men Tshirts,232,3.8
1437,Urbane Fashionable Men Tshirts,254,3.6
1438,Cotton Men Cotton Regular Tshirts,296,3.6
1439,Fancy Designer Men Tshirts,186,3.9
1440,CHHOTE NAWAB Men's Tshirts,318,3.9
1441,Trendy Fashionista Men Tshirts(yellow),311,3.8
1442,Trendy Elegant Men Tshirts,225,3.7
1443,Fancy Retro Men Tshirts,199,3.9
1444,Stylish Glamorous Men Tshirts,153,3.7
1445,FABRIPPLE Men's Tshirts,200,3.7
1446,Stylish Designer Men Tshirts,158,3.7
1447,Urbane Graceful Men Tshirts,218,3.8
1448,Gespo Men's Tshirts,295,3.8
1449,Stylish Retro Men Tshirts,282,3.7
1450,Urbane Fashionable Men Tshirts,225,3.7
1451,Urbane Elegant Men Tshirts,220,3.6
1452,Farbot Men's Tshirts,179,3.7
1453,Stylish Fashionista Men Tshirts,194,3.7
1454,Pretty Designer Men Tshirts,305,4
1455,FABRIPPLE Men's Tshirts,259,3.8
1456,Urbane Designer Men Tshirts,232,3.8
1457,Urbane Fashionable Men Tshirts,254,3.6
1458,Cotton Men Cotton Regular Tshirts,296,3.6
1459,Fancy Designer Men Tshirts,186,3.9
1460,CHHOTE NAWAB Men's Tshirts,318,3.9
1461,Trendy Fashionista Men Tshirts(yellow),311,3.8
1462,Trendy Elegant Men Tshirts,225,3.7
1463,Fancy Retro Men Tshirts,199,3.9
1464,Stylish Glamorous Men Tshirts,153,3.7
1465,FABRIPPLE Men's Tshirts,200,3.7
1466,Stylish Designer Men Tshirts,158,3.7
1467,Urbane Graceful Men Tshirts,218,3.8
1468,Gespo Men's Tshirts,295,3.8
1469,Stylish Retro Men Tshirts,282,3.7
1470,Urbane Fashionable Men Tshirts,225,3.7
1471,Urbane Elegant Men Tshirts,220,3.6
1472,Farbot Men's Tshirts,179,3.7
1473,Stylish Fashionista Men Tshirts,194,3.7
1474,Men Polyester Regular Tshirts,284,3.8
1475,FABRIPPLE Men's Tshirts,259,3.8
1476,Urbane Designer Men Tshirts,232,3.8
1477,Urbane Fashionable Men Tshirts,254,3.6
1478,Cotton Men Cotton Regular Tshirts,296,3.6
1479,Fancy Designer Men Tshirts,186,3.9
1480,CHHOTE NAWAB Men's Tshirts,318,3.9
1481,Trendy Fashionista Men Tshirts(yellow),311,3.8
1482,Trendy Elegant Men Tshirts,225,3.7
1483,Fancy Retro Men Tshirts,199,3.9
1484,Stylish Glamorous Men Tshirts,153,3.7
1485,FABRIPPLE Men's Tshirts,200,3.7
1486,Stylish Designer Men Tshirts,158,3.7
1487,Urbane Graceful Men Tshirts,218,3.8
1488,Gespo Men's Tshirts,295,3.8
1489,Stylish Retro Men Tshirts,282,3.7
1490,Urbane Fashionable Men Tshirts,225,3.7
1491,Urbane Elegant Men Tshirts,220,3.6
1492,Farbot Men's Tshirts,179,3.7
1493,Stylish Fashionista Men Tshirts,194,3.7
1494,Men Polyester Regular Tshirts,284,3.8
1495,FABRIPPLE Men's Tshirts,259,3.8
1496,Urbane Designer Men Tshirts,232,3.8
1497,Urbane Fashionable Men Tshirts,254,3.6
1498,Cotton Men Cotton Regular Tshirts,296,3.6
1499,Fancy Designer Men Tshirts,186,3.9
1500,CHHOTE NAWAB Men's Tshirts,318,3.9
1501,Trendy Fashionista Men Tshirts(yellow),311,3.8
1502,Trendy Elegant Men Tshirts,225,3.7
1503,Fancy Retro Men Tshirts,199,3.9
1504,Stylish Glamorous Men Tshirts,153,3.7
1505,FABRIPPLE Men's Tshirts,200,3.7
1506,Stylish Designer Men Tshirts,158,3.7
1507,Urbane Graceful Men Tshirts,218,3.8
1508,Gespo Men's Tshirts,295,3.8
1509,Stylish Retro Men Tshirts,282,3.7
1510,Urbane Fashionable Men Tshirts,225,3.7
1511,Urbane Elegant Men Tshirts,220,3.6
1512,Farbot Men's Tshirts,179,3.7
1513,Stylish Fashionista Men Tshirts,194,3.7
1514,Men Polyester Regular Tshirts,284,3.8
1515,FABRIPPLE Men's Tshirts,259,3.8
1516,Urbane Designer Men Tshirts,232,3.8
1517,Urbane Fashionable Men Tshirts,254,3.6
1518,Cotton Men Cotton Regular Tshirts,296,3.6
1519,Fancy Designer Men Tshirts,186,3.9
1520,CHHOTE NAWAB Men's Tshirts,318,3.9
1521,Trendy Fashionista Men Tshirts(yellow),311,3.8
1522,Trendy Elegant Men Tshirts,225,3.7
1523,Fancy Retro Men Tshirts,199,3.9
1524,Stylish Glamorous Men Tshirts,153,3.7
1525,FABRIPPLE Men's Tshirts,200,3.7
1526,Stylish Designer Men Tshirts,158,3.7
1527,Urbane Graceful Men Tshirts,218,3.8
1528,Gespo Men's Tshirts,295,3.8
1529,Stylish Retro Men Tshirts,282,3.7
1530,Urbane Fashionable Men Tshirts,225,3.7
1531,Urbane Elegant Men Tshirts,220,3.6
1532,Farbot Men's Tshirts,179,3.7
1533,Stylish Fashionista Men Tshirts,194,3.7
1534,Men Polyester Regular Tshirts,284,3.8
1535,FABRIPPLE Men's Tshirts,259,3.8
1536,Urbane Designer Men Tshirts,232,3.8
1537,Urbane Fashionable Men Tshirts,254,3.6
1538,Cotton Men Cotton Regular Tshirts,296,3.6
1539,Fancy Designer Men Tshirts,186,3.9
1540,CHHOTE NAWAB Men's Tshirts,318,3.9
1541,Trendy Fashionista Men Tshirts(yellow),311,3.8
1542,Trendy Elegant Men Tshirts,225,3.7
1543,Fancy Retro Men Tshirts,199,3.9
1544,Stylish Glamorous Men Tshirts,153,3.7
1545,FABRIPPLE Men's Tshirts,200,3.7
1546,Stylish Designer Men Tshirts,158,3.7
1547,Urbane Graceful Men Tshirts,218,3.8
1548,Gespo Men's Tshirts,295,3.8
1549,Stylish Retro Men Tshirts,282,3.7
1550,Urbane Fashionable Men Tshirts,225,3.7
1551,Urbane Elegant Men Tshirts,220,3.6
1552,Farbot Men's Tshirts,179,3.7
1553,Stylish Fashionista Men Tshirts,194,3.7
1554,Men Polyester Regular Tshirts,284,3.8
1555,FABRIPPLE Men's Tshirts,259,3.8
1556,Urbane Designer Men Tshirts,232,3.8
1557,Urbane Fashionable Men Tshirts,254,3.6
1558,Cotton Men Cotton Regular Tshirts,296,3.6
1559,Fancy Designer Men Tshirts,186,3.9
1560,CHHOTE NAWAB Men's Tshirts,318,3.9
1561,Trendy Fashionista Men Tshirts(yellow),311,3.8
1562,Trendy Elegant Men Tshirts,225,3.7
1563,Fancy Retro Men Tshirts,199,3.9
1564,Stylish Glamorous Men Tshirts,153,3.7
1565,FABRIPPLE Men's Tshirts,200,3.7
1566,Stylish Designer Men Tshirts,158,3.7
1567,Urbane Graceful Men Tshirts,218,3.8
1568,Gespo Men's Tshirts,295,3.8
1569,Stylish Retro Men Tshirts,282,3.7
1570,Urbane Fashionable Men Tshirts,225,3.7
1571,Urbane Elegant Men Tshirts,220,3.6
1572,Farbot Men's Tshirts,179,3.7
1573,Stylish Fashionista Men Tshirts,194,3.7
1574,Men Polyester Regular Tshirts,284,3.8
1575,FABRIPPLE Men's Tshirts,259,3.8
1576,Urbane Designer Men Tshirts,232,3.8
1577,Urbane Fashionable Men Tshirts,254,3.6
1578,Cotton Men Cotton Regular Tshirts,296,3.6
1579,Fancy Designer Men Tshirts,186,3.9
1580,CHHOTE NAWAB Men's Tshirts,318,3.9
1581,Trendy Fashionista Men Tshirts(yellow),311,3.8
1582,Trendy Elegant Men Tshirts,225,3.7
1583,Fancy Retro Men Tshirts,199,3.9
1584,Stylish Glamorous Men Tshirts,153,3.7
1585,FABRIPPLE Men's Tshirts,200,3.7
1586,Stylish Designer Men Tshirts,158,3.7
1587,Urbane Graceful Men Tshirts,218,3.8
1588,Gespo Men's Tshirts,295,3.8
1589,Stylish Retro Men Tshirts,282,3.7
1590,Urbane Fashionable Men Tshirts,225,3.7
1591,Urbane Elegant Men Tshirts,220,3.6
1592,Farbot Men's Tshirts,179,3.7
1593,Stylish Fashionista Men Tshirts,194,3.7
1594,Men Polyester Regular Tshirts,284,3.8
1595,FABRIPPLE Men's Tshirts,259,3.8
1596,Urbane Designer Men Tshirts,232,3.8
1597,Urbane Fashionable Men Tshirts,254,3.6
1598,Cotton Men Cotton Regular Tshirts,296,3.6
1599,Fancy Designer Men Tshirts,186,3.9
1600,CHHOTE NAWAB Men's Tshirts,318,3.9
1601,Trendy Fashionista Men Tshirts(yellow),311,3.8
1602,Trendy Elegant Men Tshirts,225,3.7
1603,Fancy Retro Men Tshirts,199,3.9
1604,Stylish Glamorous Men Tshirts,153,3.7
1605,FABRIPPLE Men's Tshirts,200,3.7
1606,Stylish Designer Men Tshirts,158,3.7
1607,Urbane Graceful Men Tshirts,218,3.8
1608,Gespo Men's Tshirts,295,3.8
1609,Stylish Retro Men Tshirts,282,3.7
1610,Urbane Fashionable Men Tshirts,225,3.7
1611,Urbane Elegant Men Tshirts,220,3.6
1612,Farbot Men's Tshirts,179,3.7
1613,Stylish Fashionista Men Tshirts,194,3.7
1614,Men Polyester Regular Tshirts,284,3.8
1615,FABRIPPLE Men's Tshirts,259,3.8
1616,Urbane Designer Men Tshirts,232,3.8
1617,Urbane Fashionable Men Tshirts,254,3.6
1618,Cotton Men Cotton Regular Tshirts,296,3.6
1619,Fancy Designer Men Tshirts,186,3.9
1620,CHHOTE NAWAB Men's Tshirts,318,3.9
1621,Trendy Fashionista Men Tshirts(yellow),311,3.8
1622,Trendy Elegant Men Tshirts,225,3.7
1623,Fancy Retro Men Tshirts,199,3.9
1624,Stylish Glamorous Men Tshirts,153,3.7
1625,FABRIPPLE Men's Tshirts,200,3.7
1626,Stylish Designer Men Tshirts,158,3.7
1627,Urbane Graceful Men Tshirts,218,3.8
1628,Gespo Men's Tshirts,295,3.8
1629,Stylish Retro Men Tshirts,282,3.7
1630,Urbane Fashionable Men Tshirts,225,3.7
1631,Urbane Elegant Men Tshirts,220,3.6
1632,Farbot Men's Tshirts,179,3.7
1633,Stylish Fashionista Men Tshirts,194,3.7
1634,Men Polyester Regular Tshirts,284,3.8
1635,FABRIPPLE Men's Tshirts,259,3.8
1636,Urbane Designer Men Tshirts,232,3.8
1637,Urbane Fashionable Men Tshirts,254,3.6
1638,Cotton Men Cotton Regular Tshirts,296,3.6
1639,Fancy Designer Men Tshirts,186,3.9
1640,CHHOTE NAWAB Men's Tshirts,318,3.9
1641,Trendy Fashionista Men Tshirts(yellow),311,3.8
1642,Trendy Elegant Men Tshirts,225,3.7
1643,Fancy Retro Men Tshirts,199,3.9
1644,Stylish Glamorous Men Tshirts,153,3.7
1645,FABRIPPLE Men's Tshirts,200,3.7
1646,Stylish Designer Men Tshirts,158,3.7
1647,Urbane Graceful Men Tshirts,218,3.8
1648,Gespo Men's Tshirts,295,3.8
1649,Stylish Retro Men Tshirts,282,3.7
1650,Urbane Fashionable Men Tshirts,225,3.7
1651,Urbane Elegant Men Tshirts,220,3.6
1652,Farbot Men's Tshirts,179,3.7
1653,Stylish Fashionista Men Tshirts,194,3.7
1654,Men Polyester Regular Tshirts,284,3.8
1655,FABRIPPLE Men's Tshirts,259,3.8
1656,Urbane Designer Men Tshirts,232,3.8
1657,Urbane Fashionable Men Tshirts,254,3.6
1658,Cotton Men Cotton Regular Tshirts,296,3.6
1659,Fancy Designer Men Tshirts,186,3.9
1660,CHHOTE NAWAB Men's Tshirts,318,3.9
1661,Trendy Fashionista Men Tshirts(yellow),311,3.8
1662,Trendy Elegant Men Tshirts,225,3.7
1663,Fancy Retro Men Tshirts,199,3.9
1664,Stylish Glamorous Men Tshirts,153,3.7
1665,FABRIPPLE Men's Tshirts,200,3.7
1666,Stylish Designer Men Tshirts,158,3.7
1667,Urbane Graceful Men Tshirts,218,3.8
1668,Gespo Men's Tshirts,295,3.8
1669,Stylish Retro Men Tshirts,282,3.7
1670,Urbane Fashionable Men Tshirts,225,3.7
1671,Urbane Elegant Men Tshirts,220,3.6
1672,Farbot Men's Tshirts,179,3.7
1673,Stylish Fashionista Men Tshirts,194,3.7
1674,Men Polyester Regular Tshirts,284,3.8
1675,FABRIPPLE Men's Tshirts,259,3.8
1676,Urbane Designer Men Tshirts,232,3.8
1677,Urbane Fashionable Men Tshirts,254,3.6
1678,Cotton Men Cotton Regular Tshirts,296,3.6
1679,Fancy Designer Men Tshirts,186,3.9
1680,CHHOTE NAWAB Men's Tshirts,318,3.9
1681,Trendy Fashionista Men Tshirts(yellow),311,3.8
1682,Trendy Elegant Men Tshirts,225,3.7
1683,Fancy Retro Men Tshirts,199,3.9
1684,Stylish Glamorous Men Tshirts,153,3.7
1685,FABRIPPLE Men's Tshirts,200,3.7
1686,Stylish Designer Men Tshirts,158,3.7
1687,Urbane Graceful Men Tshirts,218,3.8
1688,Gespo Men's Tshirts,295,3.8
1689,Stylish Retro Men Tshirts,282,3.7
1690,Urbane Fashionable Men Tshirts,225,3.7
1691,Urbane Elegant Men Tshirts,220,3.6
1692,Farbot Men's Tshirts,179,3.7
1693,Stylish Fashionista Men Tshirts,194,3.7
1694,Men Polyester Regular Tshirts,284,3.8
1695,FABRIPPLE Men's Tshirts,259,3.8
1696,Urbane Designer Men Tshirts,232,3.8
1697,Urbane Fashionable Men Tshirts,254,3.6
1698,Cotton Men Cotton Regular Tshirts,296,3.6
1699,Fancy Designer Men Tshirts,186,3.9
1700,CHHOTE NAWAB Men's Tshirts,318,3.9
1701,Trendy Fashionista Men Tshirts(yellow),311,3.8
1702,Trendy Elegant Men Tshirts,225,3.7
1703,Fancy Retro Men Tshirts,199,3.9
1704,Stylish Glamorous Men Tshirts,153,3.7
1705,FABRIPPLE Men's Tshirts,200,3.7
1706,Stylish Designer Men Tshirts,158,3.7
1707,Urbane Graceful Men Tshirts,218,3.8
1708,Gespo Men's Tshirts,295,3.8
1709,Stylish Retro Men Tshirts,282,3.7
1710,Urbane Fashionable Men Tshirts,225,3.7
1711,Urbane Elegant Men Tshirts,220,3.6
1712,Farbot Men's Tshirts,179,3.7
1713,Stylish Fashionista Men Tshirts,194,3.7
1714,Men Polyester Regular Tshirts,284,3.8
1715,FABRIPPLE Men's Tshirts,259,3.8
1716,Urbane Designer Men Tshirts,232,3.8
1717,Urbane Fashionable Men Tshirts,254,3.6
1718,Cotton Men Cotton Regular Tshirts,296,3.6
1719,Fancy Designer Men Tshirts,186,3.9
1720,CHHOTE NAWAB Men's Tshirts,318,3.9
1721,Trendy Fashionista Men Tshirts(yellow),311,3.8
1722,Trendy Elegant Men Tshirts,225,3.7
1723,Fancy Retro Men Tshirts,199,3.9
1724,Stylish Glamorous Men Tshirts,153,3.7
1725,FABRIPPLE Men's Tshirts,200,3.7
1726,Stylish Designer Men Tshirts,158,3.7
1727,Urbane Graceful Men Tshirts,218,3.8
1728,Gespo Men's Tshirts,295,3.8
1729,Stylish Retro Men Tshirts,282,3.7
1730,Urbane Fashionable Men Tshirts,225,3.7
1731,Urbane Elegant Men Tshirts,220,3.6
1732,Farbot Men's Tshirts,179,3.7
1733,Stylish Fashionista Men Tshirts,194,3.7
1734,Men Polyester Regular Tshirts,284,3.8
1735,FABRIPPLE Men's Tshirts,259,3.8
1736,Urbane Designer Men Tshirts,232,3.8
1737,Urbane Fashionable Men Tshirts,254,3.6
1738,Cotton Men Cotton Regular Tshirts,296,3.6
1739,Fancy Designer Men Tshirts,186,3.9
1740,CHHOTE NAWAB Men's Tshirts,318,3.9
1741,Trendy Fashionista Men Tshirts(yellow),311,3.8
1742,Trendy Elegant Men Tshirts,225,3.7
1743,Fancy Retro Men Tshirts,199,3.9
1744,Stylish Glamorous Men Tshirts,153,3.7
1745,FABRIPPLE Men's Tshirts,200,3.7
1746,Stylish Designer Men Tshirts,158,3.7
1747,Urbane Graceful Men Tshirts,218,3.8
1748,Gespo Men's Tshirts,295,3.8
1749,Stylish Retro Men Tshirts,282,3.7
1750,Urbane Fashionable Men Tshirts,225,3.7
1751,Urbane Elegant Men Tshirts,220,3.6
1752,Farbot Men's Tshirts,179,3.7
1753,Stylish Fashionista Men Tshirts,194,3.7
1754,Men Polyester Regular Tshirts,284,3.8
1755,FABRIPPLE Men's Tshirts,259,3.8
1756,Urbane Designer Men Tshirts,232,3.8
1757,Urbane Fashionable Men Tshirts,254,3.6
1758,Cotton Men Cotton Regular Tshirts,296,3.6
1759,Fancy Designer Men Tshirts,186,3.9
1760,CHHOTE NAWAB Men's Tshirts,318,3.9
1761,Trendy Fashionista Men Tshirts(yellow),311,3.8
1762,Trendy Elegant Men Tshirts,225,3.7
1763,Fancy Retro Men Tshirts,199,3.9
1764,Stylish Glamorous Men Tshirts,153,3.7
1765,FABRIPPLE Men's Tshirts,200,3.7
1766,Stylish Designer Men Tshirts,158,3.7
1767,Urbane Graceful Men Tshirts,218,3.8
1768,Gespo Men's Tshirts,295,3.8
1769,Stylish Retro Men Tshirts,282,3.7
1770,Urbane Fashionable Men Tshirts,225,3.7
1771,Urbane Elegant Men Tshirts,220,3.6
1772,Farbot Men's Tshirts,179,3.7
1773,Stylish Fashionista Men Tshirts,194,3.7
1774,Men Polyester Regular Tshirts,284,3.8
1775,FABRIPPLE Men's Tshirts,259,3.8
1776,Urbane Designer Men Tshirts,232,3.8
1777,Urbane Fashionable Men Tshirts,254,3.6
1778,Cotton Men Cotton Regular Tshirts,296,3.6
1779,Fancy Designer Men Tshirts,186,3.9
1780,CHHOTE NAWAB Men's Tshirts,318,3.9
1781,Trendy Fashionista Men Tshirts(yellow),311,3.8
1782,Trendy Elegant Men Tshirts,225,3.7
1783,Fancy Retro Men Tshirts,199,3.9
1784,Stylish Glamorous Men Tshirts,153,3.7
1785,FABRIPPLE Men's Tshirts,200,3.7
1786,Stylish Designer Men Tshirts,158,3.7
1787,Urbane Graceful Men Tshirts,218,3.8
1788,Gespo Men's Tshirts,295,3.8
1789,Stylish Retro Men Tshirts,282,3.7
1790,Urbane Fashionable Men Tshirts,225,3.7
1791,Urbane Elegant Men Tshirts,220,3.6
1792,Farbot Men's Tshirts,179,3.7
1793,Stylish Fashionista Men Tshirts,194,3.7
1794,Men Polyester Regular Tshirts,284,3.8
1795,FABRIPPLE Men's Tshirts,259,3.8
1796,Urbane Designer Men Tshirts,232,3.8
1797,Urbane Fashionable Men Tshirts,254,3.6
1798,Cotton Men Cotton Regular Tshirts,296,3.6
1799,Fancy Designer Men Tshirts,186,3.9
1800,CHHOTE NAWAB Men's Tshirts,318,3.9
1801,Trendy Fashionista Men Tshirts(yellow),311,3.8
1802,Trendy Elegant Men Tshirts,225,3.7
1803,Fancy Retro Men Tshirts,199,3.9
1804,Stylish Glamorous Men Tshirts,153,3.7
1805,FABRIPPLE Men's Tshirts,200,3.7
1806,Stylish Designer Men Tshirts,158,3.7
1807,Urbane Graceful Men Tshirts,218,3.8
1808,Gespo Men's Tshirts,295,3.8
1809,Stylish Retro Men Tshirts,282,3.7
1810,Urbane Fashionable Men Tshirts,225,3.7
1811,Urbane Elegant Men Tshirts,220,3.6
1812,Farbot Men's Tshirts,179,3.7
1813,Stylish Fashionista Men Tshirts,194,3.7
1814,Men Polyester Regular Tshirts,284,3.8
1815,FABRIPPLE Men's Tshirts,259,3.8
1816,Urbane Designer Men Tshirts,232,3.8
1817,Urbane Fashionable Men Tshirts,254,3.6
1818,Cotton Men Cotton Regular Tshirts,296,3.6
1819,Fancy Designer Men Tshirts,186,3.9
1820,CHHOTE NAWAB Men's Tshirts,318,3.9
1821,Trendy Fashionista Men Tshirts(yellow),311,3.8
1822,Trendy Elegant Men Tshirts,225,3.7
1823,Fancy Retro Men Tshirts,199,3.9
1824,Stylish Glamorous Men Tshirts,153,3.7
1825,FABRIPPLE Men's Tshirts,200,3.7
1826,Stylish Designer Men Tshirts,158,3.7
1827,Urbane Graceful Men Tshirts,218,3.8
1828,Gespo Men's Tshirts,295,3.8
1829,Stylish Retro Men Tshirts,282,3.7
1830,Urbane Fashionable Men Tshirts,225,3.7
1831,Urbane Elegant Men Tshirts,220,3.6
1832,Farbot Men's Tshirts,179,3.7
1833,Stylish Fashionista Men Tshirts,194,3.7
1834,Men Polyester Regular Tshirts,284,3.8
1835,FABRIPPLE Men's Tshirts,259,3.8
1836,Urbane Designer Men Tshirts,232,3.8
1837,Urbane Fashionable Men Tshirts,254,3.6
1838,Cotton Men Cotton Regular Tshirts,296,3.6
1839,Fancy Designer Men Tshirts,186,3.9
1840,CHHOTE NAWAB Men's Tshirts,318,3.9
1841,Trendy Fashionista Men Tshirts(yellow),311,3.8
1842,Trendy Elegant Men Tshirts,225,3.7
1843,Fancy Retro Men Tshirts,199,3.9
1844,Stylish Glamorous Men Tshirts,153,3.7
1845,FABRIPPLE Men's Tshirts,200,3.7
1846,Stylish Designer Men Tshirts,158,3.7
1847,Urbane Graceful Men Tshirts,218,3.8
1848,Gespo Men's Tshirts,295,3.8
1849,Stylish Retro Men Tshirts,282,3.7
1850,Urbane Fashionable Men Tshirts,225,3.7
1851,Urbane Elegant Men Tshirts,220,3.6
1852,Farbot Men's Tshirts,179,3.7
1853,Stylish Fashionista Men Tshirts,194,3.7
1854,Men Polyester Regular Tshirts,284,3.8
1855,FABRIPPLE Men's Tshirts,259,3.8
1856,Urbane Designer Men Tshirts,232,3.8
1857,Urbane Fashionable Men Tshirts,254,3.6
1858,Cotton Men Cotton Regular Tshirts,296,3.6
1859,Fancy Designer Men Tshirts,186,3.9
1860,CHHOTE NAWAB Men's Tshirts,318,3.9
1861,Trendy Fashionista Men Tshirts(yellow),311,3.8
1862,Trendy Elegant Men Tshirts,225,3.7
1863,Fancy Retro Men Tshirts,199,3.9
1864,Stylish Glamorous Men Tshirts,153,3.7
1865,FABRIPPLE Men's Tshirts,200,3.7
1866,Stylish Designer Men Tshirts,158,3.7
1867,Urbane Graceful Men Tshirts,218,3.8
1868,Gespo Men's Tshirts,295,3.8
1869,Stylish Retro Men Tshirts,282,3.7
1870,Urbane Fashionable Men Tshirts,225,3.7
1871,Urbane Elegant Men Tshirts,220,3.6
1872,Farbot Men's Tshirts,179,3.7
1873,Stylish Fashionista Men Tshirts,194,3.7
1874,Pretty Designer Men Tshirts,305,4
1875,FABRIPPLE Men's Tshirts,259,3.8
1876,Urbane Designer Men Tshirts,232,3.8
1877,Urbane Fashionable Men Tshirts,254,3.6
1878,Cotton Men Cotton Regular Tshirts,296,3.6
1879,Fancy Designer Men Tshirts,186,3.9
1880,CHHOTE NAWAB Men's Tshirts,318,3.9
1881,Trendy Fashionista Men Tshirts(yellow),311,3.8
1882,Trendy Elegant Men Tshirts,225,3.7
1883,Fancy Retro Men Tshirts,199,3.9
1884,Stylish Glamorous Men Tshirts,153,3.7
1885,FABRIPPLE Men's Tshirts,200,3.7
1886,Stylish Designer Men Tshirts,158,3.7
1887,Urbane Graceful Men Tshirts,218,3.8
1888,Gespo Men's Tshirts,295,3.8
1889,Stylish Retro Men Tshirts,282,3.7
1890,Urbane Fashionable Men Tshirts,225,3.7
1891,Urbane Elegant Men Tshirts,220,3.6
1892,Farbot Men's Tshirts,179,3.7
1893,Stylish Fashionista Men Tshirts,194,3.7
1894,Men Polyester Regular Tshirts,284,3.8
1895,FABRIPPLE Men's Tshirts,259,3.8
1896,Urbane Designer Men Tshirts,232,3.8
1897,Urbane Fashionable Men Tshirts,254,3.6
1898,Cotton Men Cotton Regular Tshirts,296,3.6
1899,Fancy Designer Men Tshirts,186,3.9
1900,CHHOTE NAWAB Men's Tshirts,318,3.9
1901,Trendy Fashionista Men Tshirts(yellow),311,3.8
1902,Trendy Elegant Men Tshirts,225,3.7
1903,Fancy Retro Men Tshirts,199,3.9
1904,Stylish Glamorous Men Tshirts,153,3.7
1905,FABRIPPLE Men's Tshirts,200,3.7
1906,Stylish Designer Men Tshirts,158,3.7
1907,Urbane Graceful Men Tshirts,218,3.8
1908,Gespo Men's Tshirts,295,3.8
1909,Stylish Retro Men Tshirts,282,3.7
1910,Urbane Fashionable Men Tshirts,225,3.7
1911,Urbane Elegant Men Tshirts,220,3.6
1912,Farbot Men's Tshirts,179,3.7
1913,Stylish Fashionista Men Tshirts,194,3.7
1914,Men Polyester Regular Tshirts,284,3.8
1915,FABRIPPLE Men's Tshirts,259,3.8
1916,Urbane Designer Men Tshirts,232,3.8
1917,Urbane Fashionable Men Tshirts,254,3.6
1918,Cotton Men Cotton Regular Tshirts,296,3.6
1919,Fancy Designer Men Tshirts,186,3.9
1920,CHHOTE NAWAB Men's Tshirts,318,3.9
1921,Trendy Fashionista Men Tshirts(yellow),311,3.8
1922,Trendy Elegant Men Tshirts,225,3.7
1923,Fancy Retro Men Tshirts,199,3.9
1924,Stylish Glamorous Men Tshirts,153,3.7
1925,FABRIPPLE Men's Tshirts,200,3.7
1926,Stylish Designer Men Tshirts,158,3.7
1927,Urbane Graceful Men Tshirts,218,3.8
1928,Gespo Men's Tshirts,295,3.8
1929,Stylish Retro Men Tshirts,282,3.7
1930,Urbane Fashionable Men Tshirts,225,3.7
1931,Urbane Elegant Men Tshirts,220,3.6
1932,Farbot Men's Tshirts,179,3.7
1933,Stylish Fashionista Men Tshirts,194,3.7
1934,Men Polyester Regular Tshirts,284,3.8
1935,FABRIPPLE Men's Tshirts,259,3.8
1936,Urbane Designer Men Tshirts,232,3.8
1937,Urbane Fashionable Men Tshirts,254,3.6
1938,Cotton Men Cotton Regular Tshirts,296,3.6
1939,Fancy Designer Men Tshirts,186,3.9
1940,CHHOTE NAWAB Men's Tshirts,318,3.9
1941,Trendy Fashionista Men Tshirts(yellow),311,3.8
1942,Trendy Elegant Men Tshirts,225,3.7
1943,Fancy Retro Men Tshirts,199,3.9
1944,Stylish Glamorous Men Tshirts,153,3.7
1945,FABRIPPLE Men's Tshirts,200,3.7
1946,Stylish Designer Men Tshirts,158,3.7
1947,Urbane Graceful Men Tshirts,218,3.8
1948,Gespo Men's Tshirts,295,3.8
1949,Stylish Retro Men Tshirts,282,3.7
1950,Urbane Fashionable Men Tshirts,225,3.7
1951,Urbane Elegant Men Tshirts,220,3.6
1952,Farbot Men's Tshirts,179,3.7
1953,Stylish Fashionista Men Tshirts,194,3.7
1954,Men Polyester Regular Tshirts,284,3.8
1955,FABRIPPLE Men's Tshirts,259,3.8
1956,Urbane Designer Men Tshirts,232,3.8
1957,Urbane Fashionable Men Tshirts,254,3.6
1958,Cotton Men Cotton Regular Tshirts,296,3.6
1959,Fancy Designer Men Tshirts,186,3.9
1960,CHHOTE NAWAB Men's Tshirts,318,3.9
1961,Trendy Fashionista Men Tshirts(yellow),311,3.8
1962,Trendy Elegant Men Tshirts,225,3.7
1963,Fancy Retro Men Tshirts,199,3.9
1964,Stylish Glamorous Men Tshirts,153,3.7
1965,FABRIPPLE Men's Tshirts,200,3.7
1966,Stylish Designer Men Tshirts,158,3.7
1967,Urbane Graceful Men Tshirts,218,3.8
1968,Gespo Men's Tshirts,295,3.8
1969,Stylish Retro Men Tshirts,282,3.7
1970,Urbane Fashionable Men Tshirts,225,3.7
1971,Urbane Elegant Men Tshirts,220,3.6
1972,Farbot Men's Tshirts,179,3.7
1973,Stylish Fashionista Men Tshirts,194,3.7
1974,Men Polyester Regular Tshirts,284,3.8
1975,FABRIPPLE Men's Tshirts,259,3.8
1976,Urbane Designer Men Tshirts,232,3.8
1977,Urbane Fashionable Men Tshirts,254,3.6
1978,Cotton Men Cotton Regular Tshirts,296,3.6
1979,Fancy Designer Men Tshirts,186,3.9
